STATION_NAME,x,y,STN_ID,STATION_NAME,PROV_STATE_TERR_CODE,ENG_PROV_NAME,FRE_PROV_NAME,COUNTRY,LATITUDE,LONGITUDE,TIMEZONE,ELEVATION,CLIMATE_IDENTIFIER,TC_IDENTIFIER,WMO_IDENTIFIER,STATION_TYPE,NORMAL_CODE,PUBLICATION_CODE,DISPLAY_CODE,ENG_STN_OPERATOR_ACRONYM,FRE_STN_OPERATOR_ACRONYM,ENG_STN_OPERATOR_NAME,FRE_STN_OPERATOR_NAME,FIRST_DATE,LAST_DATE,HLY_FIRST_DATE,HLY_LAST_DATE,DLY_FIRST_DATE,DLY_LAST_DATE,MLY_FIRST_DATE,MLY_LAST_DATE,HAS_MONTHLY_SUMMARY,HAS_NORMALS_DATA,HAS_HOURLY_DATA,HLY_REC_LENGTH
PRINCE GEORGE AIRPORT AUTO,-122.671945,53.888888888888886,48248,PRINCE GEORGE AIRPORT AUTO,BC,BRITISH COLUMBIA,COLOMBIE-BRITANNIQUE,CAN,535320000,-1224019002,PST,680.0,1096453,VXS,71302.0,Climate-Auto,,,,ECCC - MSC,ECCC - SMC,Environment and Climate Change Canada - Meteorological Service of Canada,Environnement et Changement climatique Canada - Service météorologique du Canada,2009-11-27 00:00:00,2023-03-23 08:30:08,2009-11-27 08:00:00,2023-03-23 08:30:08,2009-11-27 00:00:00,2023-03-22 00:00:00,,,Y,N,Y,4864 days 00:30:08
SANDSPIT,-131.8138888888889,53.25416666666667,48648,SANDSPIT,BC,BRITISH COLUMBIA,COLOMBIE-BRITANNIQUE,CAN,531515000,-1314850000,PST,6.4,1057052,YZP,71111.0,Aviation-Auto,,,,NAVCAN,NAVCAN,NAV Canada,NAV Canada,2010-06-03 00:00:00,2023-03-23 08:30:08,2010-06-03 11:00:00,2023-03-23 08:30:08,2010-06-03 00:00:00,2023-03-22 00:00:00,,,Y,N,Y,4675 days 21:30:08
REVELSTOKE A,-118.18333333333334,50.96111111111111,1370,REVELSTOKE A,BC,BRITISH COLUMBIA,COLOMBIE-BRITANNIQUE,CAN,505740000,-1181100000,PST,444.7,1176749,ZRV,,Aviation-Auto,G,1.0,9.0,,,,,1990-01-01 00:00:00,2014-05-27 15:00:00,1994-02-01 01:00:00,2014-05-27 15:00:00,1990-03-01 00:00:00,2013-03-24 00:00:00,1990-01-01 00:00:00,2007-02-01 00:00:00,Y,N,Y,7420 days 14:00:00
SQUAMISH AIRPORT,-123.16119444444443,49.78320833333333,336,SQUAMISH AIRPORT,BC,BRITISH COLUMBIA,COLOMBIE-BRITANNIQUE,CAN,494659550,-1230940300,PST,53.7,10476F0,WSK,71207.0,Climate-Auto,F,1.0,7.0,ECCC - MSC,ECCC - SMC,Environment and Climate Change Canada - Meteorological Service of Canada,Environnement et Changement climatique Canada - Service météorologique du Canada,1982-01-01 00:00:00,2023-03-23 08:30:08,1982-05-17 15:00:00,2023-03-23 08:30:08,1982-05-01 00:00:00,2023-03-22 00:00:00,1982-01-01 00:00:00,2007-02-01 00:00:00,Y,N,Y,14919 days 17:30:08
BELLA COOLA A,-126.59583333333332,52.3875,381,BELLA COOLA A,BC,BRITISH COLUMBIA,COLOMBIE-BRITANNIQUE,CAN,522315000,-1263545000,PST,35.7,1060841,YBD,71206.0,Aviation-Staffed,D,1.0,5.0,,,,,1983-01-01 00:00:00,2017-11-18 00:00:00,1983-02-01 07:00:00,2013-08-15 10:00:00,1983-02-01 00:00:00,2017-11-18 00:00:00,1983-01-01 00:00:00,2007-02-01 00:00:00,Y,Y,Y,11153 days 03:00:00
ETHELDA BAY,-129.68333333333334,53.05,390,ETHELDA BAY,BC,BRITISH COLUMBIA,COLOMBIE-BRITANNIQUE,CAN,530300000,-1294100000,PST,9.6,1062745,,,,D,1.0,5.0,,,,,1957-01-01 00:00:00,1994-04-06 05:27:00,1957-12-02 05:00:00,1994-04-06 05:27:00,1957-12-01 00:00:00,1991-05-31 00:00:00,1957-01-01 00:00:00,1991-11-01 00:00:00,Y,N,Y,13274 days 00:27:00
QUESNEL A,-122.51,53.02611111111111,640,QUESNEL A,BC,BRITISH COLUMBIA,COLOMBIE-BRITANNIQUE,CAN,530134000,-1223036000,PST,545.0,1096630,,,Climate-Staffed,A,1.0,1.0,,,,,1946-01-01 00:00:00,2007-03-30 00:00:00,1953-01-01 00:00:00,2006-02-22 22:00:00,1946-02-01 00:00:00,2007-03-30 00:00:00,1946-01-01 00:00:00,2007-02-01 00:00:00,Y,Y,Y,19410 days 22:00:00
MCINNES ISLAND,-128.71944444444443,52.26166666666666,409,MCINNES ISLAND,BC,BRITISH COLUMBIA,COLOMBIE-BRITANNIQUE,CAN,521542000,-1284310000,PST,25.9,1065010,WMS,71897.0,Climate-Staffed,A,1.0,1.0,CCG,GCC,Canadian Coast Guard,Garde côtière canadienne,1954-01-01 00:00:00,2023-03-22 00:00:00,1955-01-01 10:00:00,2001-12-13 13:00:00,1954-02-01 00:00:00,2023-03-22 00:00:00,1954-01-01 00:00:00,2007-02-01 00:00:00,Y,Y,Y,17148 days 03:00:00
PUNTZI MOUNTAIN,-124.08333333333331,52.11666666666667,543,PUNTZI MOUNTAIN,BC,BRITISH COLUMBIA,COLOMBIE-BRITANNIQUE,CAN,520700000,-1240500000,PST,909.5,1086556,,,,F,1.0,7.0,,,,,1968-01-01 00:00:00,1979-12-01 00:00:00,1968-05-16 07:00:00,1979-07-31 08:00:00,1968-05-01 00:00:00,1979-07-31 00:00:00,1968-01-01 00:00:00,1979-12-01 00:00:00,Y,N,Y,4093 days 01:00:00
HOPE,-121.48333333333332,49.36666666666667,945,HOPE,BC,BRITISH COLUMBIA,COLOMBIE-BRITANNIQUE,CAN,492200000,-1212900000,PST,39.0,1113539,YHE,71114.0,Climate-Auto,G,1.0,9.0,,,,,1990-01-01 00:00:00,2005-03-08 22:00:00,1994-02-02 16:00:00,2005-03-08 22:00:00,1990-03-01 00:00:00,2005-03-08 00:00:00,1990-01-01 00:00:00,2004-11-01 00:00:00,Y,N,Y,4052 days 06:00:00
PRINCETON A,-120.5125,49.467777777777776,51439,PRINCETON A,BC,BRITISH COLUMBIA,COLOMBIE-BRITANNIQUE,CAN,492804000,-1203045000,PST,701.6,1126511,YDC,,Aviation-Staffed,,,,NAVCAN,NAVCAN,NAV Canada,NAV Canada,2013-08-15 11:00:00,2023-03-23 08:30:08,2013-08-15 11:00:00,2023-03-23 08:30:08,,,,,N,N,Y,3506 days 21:30:08
CASTLEGAR A,-117.6325,49.29611111111111,51458,CASTLEGAR A,BC,BRITISH COLUMBIA,COLOMBIE-BRITANNIQUE,CAN,491746000,-1173757000,PST,495.6,1141456,YCG,,Aviation-Staffed,,,,NAVCAN,NAVCAN,NAV Canada,NAV Canada,2013-05-16 11:00:00,2023-03-23 08:30:08,2013-05-16 11:00:00,2023-03-23 08:30:08,,,,,N,N,Y,3597 days 21:30:08
CAMPBELL RIVER A,-125.27305555555556,49.95194444444444,52979,CAMPBELL RIVER A,BC,BRITISH COLUMBIA,COLOMBIE-BRITANNIQUE,CAN,495707000,-1251623000,PST,108.8,1021270,YBL,,Aviation-Auto,,,,NAVCAN,NAVCAN,NAV Canada,NAV Canada,2014-10-23 11:00:00,2023-03-23 08:30:08,2014-10-23 11:00:00,2023-03-23 08:30:08,2018-10-29 00:00:00,2023-03-22 00:00:00,,,Y,N,Y,3072 days 21:30:08
VICTORIA HARBOUR A,-123.3875,48.422777777777775,53478,VICTORIA HARBOUR A,BC,BRITISH COLUMBIA,COLOMBIE-BRITANNIQUE,CAN,482522000,-1232315000,PST,0.0,1018619,YWH,,Aviation-Staffed,,,,NAVCAN,NAVCAN,NAV Canada,NAV Canada,2015-02-12 11:00:00,2023-03-23 08:30:08,2015-02-12 11:00:00,2023-03-23 08:30:08,,,,,N,N,Y,2960 days 21:30:08
PENTICTON A,-119.60222222222222,49.46305555555556,1053,PENTICTON A,BC,BRITISH COLUMBIA,COLOMBIE-BRITANNIQUE,CAN,492747000,-1193608000,PST,344.4,1126150,YYF,71889.0,Aviation-Staffed,A,1.0,1.0,,,,,1941-01-01 00:00:00,2012-05-10 10:00:00,1953-01-01 00:00:00,2012-05-10 10:00:00,1941-04-01 00:00:00,2012-05-10 00:00:00,1941-01-01 00:00:00,2012-05-01 00:00:00,N,Y,Y,21679 days 10:00:00
DEASE LAKE (AUT),-130.025,58.42609972222222,6845,DEASE LAKE (AUT),BC,BRITISH COLUMBIA,COLOMBIE-BRITANNIQUE,CAN,582533959,-1300130000,PST,800.7,119BLM0,WKX,71222.0,Climate-Auto,F,1.0,7.0,ECCC - MSC,ECCC - SMC,Environment and Climate Change Canada - Meteorological Service of Canada,Environnement et Changement climatique Canada - Service météorologique du Canada,1993-01-01 00:00:00,2023-03-23 08:30:08,1994-02-01 00:00:00,2023-03-23 08:30:08,1993-08-01 00:00:00,2023-03-22 00:00:00,1993-01-01 00:00:00,2007-02-01 00:00:00,Y,N,Y,10642 days 08:30:08
ROSE SPIT (AUT),-131.66132583333334,54.15914,8064,ROSE SPIT (AUT),BC,BRITISH COLUMBIA,COLOMBIE-BRITANNIQUE,CAN,540932904,-1313940773,PST,6.6,1056869,WRO,71477.0,Climate-Auto,,,,ECCC - MSC,ECCC - SMC,Environment and Climate Change Canada - Meteorological Service of Canada,Environnement et Changement climatique Canada - Service météorologique du Canada,1994-05-11 10:16:00,2023-03-23 08:30:08,1994-05-11 10:16:00,2023-03-23 08:30:08,1994-12-30 00:00:00,2023-03-22 00:00:00,2004-03-01 00:00:00,2005-12-01 00:00:00,Y,N,Y,10542 days 22:14:08
CATHEDRAL POINT (AUT),-127.47116111111112,52.18745277777778,8264,CATHEDRAL POINT (AUT),BC,BRITISH COLUMBIA,COLOMBIE-BRITANNIQUE,CAN,521114830,-1272816180,PST,26.4,1061458,WME,71482.0,Climate-Auto,,,,ECCC - MSC,ECCC - SMC,Environment and Climate Change Canada - Meteorological Service of Canada,Environnement et Changement climatique Canada - Service météorologique du Canada,1994-02-01 00:20:00,2023-03-23 08:30:08,1994-02-01 00:20:00,2023-03-23 08:30:08,1994-12-30 00:00:00,2023-03-22 00:00:00,2002-05-01 00:00:00,2007-02-01 00:00:00,Y,N,Y,10642 days 08:10:08
KAMLOOPS AUT,-120.44194444444445,50.70222222222223,42203,KAMLOOPS AUT,BC,BRITISH COLUMBIA,COLOMBIE-BRITANNIQUE,CAN,504208000,-1202631000,PST,345.0,1163842,ZKA,71741.0,Climate-Auto,,,,ECCC - MSC,ECCC - SMC,Environment and Climate Change Canada - Meteorological Service of Canada,Environnement et Changement climatique Canada - Service météorologique du Canada,2006-04-01 00:00:00,2023-03-23 08:30:08,2006-04-18 11:00:00,2023-03-23 08:30:08,2006-04-01 00:00:00,2023-03-22 00:00:00,2006-04-01 00:00:00,2006-10-01 00:00:00,Y,N,Y,6182 days 21:30:08
QUESNEL AIRPORT AUTO,-122.50639083333331,53.02666888888889,48108,QUESNEL AIRPORT AUTO,BC,BRITISH COLUMBIA,COLOMBIE-BRITANNIQUE,CAN,530136008,-1223023007,PST,545.3,1096631,VQZ,71779.0,Climate-Auto,,,,ECCC - MSC,ECCC - SMC,Environment and Climate Change Canada - Meteorological Service of Canada,Environnement et Changement climatique Canada - Service météorologique du Canada,2009-08-19 00:00:00,2023-03-23 08:30:08,2009-08-19 17:00:00,2023-03-23 08:30:08,2009-08-19 00:00:00,2023-03-22 00:00:00,,,Y,N,Y,4963 days 15:30:08
POWELL RIVER A,-124.50027777777778,49.83416944444444,327,POWELL RIVER A,BC,BRITISH COLUMBIA,COLOMBIE-BRITANNIQUE,CAN,495003010,-1243001000,PST,129.5,1046391,YPW,,Aviation-Staffed,C,1.0,4.0,CCN,RCSC,Co-operative Climate Network,Réseau coopératif de stations climatiques,1954-01-01 00:00:00,2023-03-22 00:00:00,1982-03-23 10:00:00,2013-12-12 10:00:00,1954-01-01 00:00:00,2023-03-22 00:00:00,1954-01-01 00:00:00,2007-02-01 00:00:00,Y,Y,Y,11587 days 00:00:00
WHISTLER,-122.95483333333334,50.12888916666667,348,WHISTLER,BC,BRITISH COLUMBIA,COLOMBIE-BRITANNIQUE,CAN,500744001,-1225717400,PST,657.8,1048898,WAE,,Aviation-Staffed,C,1.0,4.0,CCN,RCSC,Co-operative Climate Network,Réseau coopératif de stations climatiques,1976-01-01 00:00:00,2023-03-22 00:00:00,1983-01-01 07:00:00,2014-05-01 09:00:00,1976-11-01 00:00:00,2023-03-22 00:00:00,1976-01-01 00:00:00,2007-02-01 00:00:00,Y,Y,Y,11443 days 02:00:00
PRINCE RUPERT A,-130.44472222222225,54.2925,422,PRINCE RUPERT A,BC,BRITISH COLUMBIA,COLOMBIE-BRITANNIQUE,CAN,541733000,-1302641000,PST,35.4,1066481,,,Climate-Staffed,A,1.0,1.0,,,,,1961-08-16 07:00:00,2006-03-31 00:00:00,1961-08-16 07:00:00,2005-01-21 05:00:00,1962-05-01 00:00:00,2006-03-31 00:00:00,1962-01-01 00:00:00,2006-03-01 00:00:00,N,Y,Y,15863 days 22:00:00
SMITHERS A,-127.18277777777776,54.82472222222222,487,SMITHERS A,BC,BRITISH COLUMBIA,COLOMBIE-BRITANNIQUE,CAN,544929000,-1271058000,PST,521.8,1077500,YYD,,Aviation-Staffed,A,1.0,1.0,CCN,RCSC,Co-operative Climate Network,Réseau coopératif de stations climatiques,1942-01-01 00:00:00,2018-11-03 00:00:00,1953-01-01 00:00:00,2012-04-12 10:00:00,1942-06-01 00:00:00,2018-11-03 00:00:00,1942-01-01 00:00:00,2010-04-01 00:00:00,N,Y,Y,21651 days 10:00:00
REVELSTOKE A,-118.18333333333334,50.96666666666667,49492,REVELSTOKE A,BC,BRITISH COLUMBIA,COLOMBIE-BRITANNIQUE,CAN,505800000,-1181100000,PST,444.7,1176745,YRV,71685.0,Aviation-Auto,,,,NAVCAN,NAVCAN,NAV Canada,NAV Canada,2011-10-17 07:00:00,2023-03-23 08:30:08,2011-10-17 07:00:00,2023-03-23 08:30:08,2011-10-20 00:00:00,2023-03-22 00:00:00,,,Y,N,Y,4175 days 01:30:08
SANDSPIT AIRPORT AUTO,-131.81312694444443,53.249445,50108,SANDSPIT AIRPORT AUTO,BC,BRITISH COLUMBIA,COLOMBIE-BRITANNIQUE,CAN,531458002,-1314847257,PST,6.5,1057051,VZP,71101.0,Climate-Auto,,,,ECCC - MSC,ECCC - SMC,Environment and Climate Change Canada - Meteorological Service of Canada,Environnement et Changement climatique Canada - Service météorologique du Canada,2012-02-21 07:00:00,2023-03-23 08:30:08,2012-02-21 07:00:00,2023-03-23 08:30:08,2013-04-12 00:00:00,2023-03-22 00:00:00,,,Y,N,Y,4048 days 01:30:08
NANAIMO A,-123.87,49.05444444444444,51318,NANAIMO A,BC,BRITISH COLUMBIA,COLOMBIE-BRITANNIQUE,CAN,490316000,-1235212000,PST,28.0,1025369,YCD,,Aviation-Staffed,,,,NAVCAN,NAVCAN,NAV Canada,NAV Canada,2013-05-16 11:00:00,2023-03-23 08:30:08,2013-05-16 11:00:00,2023-03-23 08:30:08,2016-06-02 00:00:00,2022-04-30 00:00:00,,,Y,N,Y,3597 days 21:30:08
VICTORIA INTL A,-123.42583333333332,48.64722222222223,51337,VICTORIA INTL A,BC,BRITISH COLUMBIA,COLOMBIE-BRITANNIQUE,CAN,483850000,-1232533000,PST,19.5,1018621,YYJ,71799.0,Aviation-Staffed,,,,NAVCAN,NAVCAN,NAV Canada,NAV Canada,2013-05-16 00:00:00,2023-03-23 08:30:08,2013-07-09 06:00:00,2023-03-23 08:30:08,2013-05-16 00:00:00,2023-03-22 00:00:00,,,Y,N,Y,3544 days 02:30:08
CLINTON A,-121.68472222222222,51.26638888888889,51558,CLINTON A,BC,BRITISH COLUMBIA,COLOMBIE-BRITANNIQUE,CAN,511559000,-1214105000,PST,1126.2,1161662,YIN,71717.0,Aviation-Auto,,,,NAVCAN,NAVCAN,NAV Canada,NAV Canada,2013-08-20 09:00:00,2023-03-23 08:30:08,2013-08-20 09:00:00,2023-03-23 08:30:08,2013-08-22 00:00:00,2023-03-22 00:00:00,,,Y,N,Y,3501 days 23:30:08
TOFINO A,-125.7725,49.08222222222222,52198,TOFINO A,BC,BRITISH COLUMBIA,COLOMBIE-BRITANNIQUE,CAN,490456000,-1254621000,PST,24.4,1038204,YAZ,,Aviation-Staffed,,,,NAVCAN,NAVCAN,NAV Canada,NAV Canada,2014-04-29 06:00:00,2023-03-23 08:30:08,2014-04-29 06:00:00,2023-03-23 08:30:08,,,,,N,N,Y,3250 days 02:30:08
MASSET A,-132.125,54.02722222222222,52339,MASSET A,BC,BRITISH COLUMBIA,COLOMBIE-BRITANNIQUE,CAN,540138000,-1320730000,PST,5.8,1054921,ZMT,,Aviation-Staffed,,,,NAVCAN,NAVCAN,NAV Canada,NAV Canada,2014-08-05 06:00:00,2023-03-22 17:00:00,2014-08-05 06:00:00,2023-03-22 17:00:00,,,,,N,N,Y,3151 days 11:00:00
NANAIMO A,-123.87,49.05444444444444,52941,NANAIMO A,BC,BRITISH COLUMBIA,COLOMBIE-BRITANNIQUE,CAN,490316000,-1235212000,PST,28.0,1025365,YCD,,Aviation-Auto,,,,NAVCAN,NAVCAN,NAV Canada,NAV Canada,2014-10-23 11:00:00,2023-03-23 08:30:08,2014-10-23 11:00:00,2023-03-23 08:30:08,2018-10-29 00:00:00,2023-03-22 00:00:00,,,Y,N,Y,3072 days 21:30:08
STEWART A,-129.98333333333332,55.93333333333333,53438,STEWART A,BC,BRITISH COLUMBIA,COLOMBIE-BRITANNIQUE,CAN,555600000,-1295900000,PST,7.3,1067748,ZST,,Aviation-Auto,,,,NAVCAN,NAVCAN,NAV Canada,NAV Canada,2015-01-15 11:00:00,2023-03-23 08:30:08,2015-01-15 11:00:00,2023-03-23 08:30:08,2018-10-29 00:00:00,2023-03-22 00:00:00,,,Y,N,Y,2988 days 21:30:08
ABBOTSFORD A,-122.36,49.02527777777778,54238,ABBOTSFORD A,BC,BRITISH COLUMBIA,COLOMBIE-BRITANNIQUE,CAN,490131000,-1222136000,PST,59.1,1100032,YXX,,Aviation-Auto,,,,NAVCAN,NAVCAN,NAV Canada,NAV Canada,2016-01-13 06:00:00,2023-03-23 08:30:08,2016-01-13 06:00:00,2023-03-23 08:30:08,2018-10-29 00:00:00,2023-03-22 00:00:00,,,Y,N,Y,2626 days 02:30:08
PRINCETON A,-120.5125,49.467777777777776,1056,PRINCETON A,BC,BRITISH COLUMBIA,COLOMBIE-BRITANNIQUE,CAN,492804000,-1203045000,PST,701.7,1126510,YDC,,Aviation-Staffed,A,1.0,1.0,CCN,RCSC,Co-operative Climate Network,Réseau coopératif de stations climatiques,1936-11-01 00:00:00,2023-03-20 00:00:00,1953-01-01 00:00:00,2013-08-15 10:00:00,1936-11-01 00:00:00,2023-03-20 00:00:00,1937-01-01 00:00:00,2007-02-01 00:00:00,N,Y,Y,22141 days 10:00:00
PITT MEADOWS CS,-122.69002111111112,49.20832333333333,6830,PITT MEADOWS CS,BC,BRITISH COLUMBIA,COLOMBIE-BRITANNIQUE,CAN,491229964,-1224124076,PST,5.0,1106178,WMM,71775.0,Climate-Auto,F,1.0,7.0,ECCC - MSC,ECCC - SMC,Environment and Climate Change Canada - Meteorological Service of Canada,Environnement et Changement climatique Canada - Service météorologique du Canada,1993-01-01 00:00:00,2023-03-23 08:30:08,1994-02-01 01:00:00,2023-03-23 08:30:08,1993-10-01 00:00:00,2023-03-22 00:00:00,1993-01-01 00:00:00,2007-02-01 00:00:00,Y,N,Y,10642 days 07:30:08
GREY ISLET (AUT),-130.6978,54.58032,8258,GREY ISLET (AUT),BC,BRITISH COLUMBIA,COLOMBIE-BRITANNIQUE,CAN,543449152,-1304152080,PST,9.5,1063303,WEK,71476.0,Climate-Auto,,,,ECCC - MSC,ECCC - SMC,Environment and Climate Change Canada - Meteorological Service of Canada,Environnement et Changement climatique Canada - Service météorologique du Canada,1994-02-01 00:18:00,2023-01-13 15:00:00,1994-02-01 00:18:00,2023-01-13 15:00:00,1994-12-30 00:00:00,2023-01-13 00:00:00,2005-06-01 00:00:00,2007-02-01 00:00:00,Y,N,Y,10573 days 14:42:00
SOLANDER ISLAND (AUT),-127.93999972222224,50.11151,8260,SOLANDER ISLAND (AUT),BC,BRITISH COLUMBIA,COLOMBIE-BRITANNIQUE,CAN,500641436,-1275623999,PST,94.2,1037553,WRU,71479.0,Climate-Auto,,,,ECCC - MSC,ECCC - SMC,Environment and Climate Change Canada - Meteorological Service of Canada,Environnement et Changement climatique Canada - Service météorologique du Canada,1994-02-01 00:17:00,2023-03-23 08:30:08,1994-02-01 00:17:00,2023-03-23 08:30:08,1994-12-30 00:00:00,2023-03-22 00:00:00,2007-02-01 00:00:00,2007-02-01 00:00:00,Y,N,Y,10642 days 08:13:08
BONILLA ISLAND (AUT),-130.639,53.49284972222223,8265,BONILLA ISLAND (AUT),BC,BRITISH COLUMBIA,COLOMBIE-BRITANNIQUE,CAN,532934259,-1303820400,PST,12.5,1060R0K,WWL,71484.0,Climate-Auto,,,,ECCC - MSC,ECCC - SMC,Environment and Climate Change Canada - Meteorological Service of Canada,Environnement et Changement climatique Canada - Service météorologique du Canada,1994-02-01 00:24:00,2023-03-23 08:30:08,1994-02-01 00:24:00,2023-03-23 08:30:08,1994-12-30 00:00:00,2023-03-22 00:00:00,2002-10-01 00:00:00,2007-02-01 00:00:00,Y,N,Y,10642 days 08:06:08
BULL HARBOUR,-127.95,50.91666666666666,234,BULL HARBOUR,BC,BRITISH COLUMBIA,COLOMBIE-BRITANNIQUE,CAN,505500000,-1275700000,PST,13.7,1031110,,,,D,1.0,5.0,,,,,1921-01-01 00:00:00,1988-12-31 22:00:00,1953-01-01 04:00:00,1988-12-31 22:00:00,1921-07-01 00:00:00,1988-12-31 00:00:00,1921-01-01 00:00:00,1988-12-01 00:00:00,Y,N,Y,13148 days 18:00:00
TATLAYOKO LAKE RCS,-124.40313888888888,51.67455555555556,30494,TATLAYOKO LAKE RCS,BC,BRITISH COLUMBIA,COLOMBIE-BRITANNIQUE,CAN,514028400,-1242411300,PST,875.0,1088015,XTL,71028.0,Climate-Auto,,,,ECCC - MSC,ECCC - SMC,Environment and Climate Change Canada - Meteorological Service of Canada,Environnement et Changement climatique Canada - Service météorologique du Canada,2000-08-10 00:00:00,2023-03-06 19:00:00,2000-08-10 06:00:00,2023-03-06 19:00:00,2000-08-10 00:00:00,2023-03-06 00:00:00,2004-04-01 00:00:00,2007-02-01 00:00:00,Y,N,Y,8243 days 13:00:00
QUESNEL AWOS,-122.51,53.02611111111111,30967,QUESNEL AWOS,BC,BRITISH COLUMBIA,COLOMBIE-BRITANNIQUE,CAN,530134000,-1223036000,PST,545.0,1096625,CQZ,71103.0,Aviation-Auto,,,,,,,,2005-09-01 00:00:00,2011-09-21 08:00:00,2005-10-31 23:00:00,2011-09-21 08:00:00,2005-09-01 00:00:00,2010-06-03 00:00:00,2005-09-01 00:00:00,2007-02-01 00:00:00,Y,N,Y,2150 days 09:00:00
WARFIELD RCS,-117.7388888888889,49.11194444444445,31067,WARFIELD RCS,BC,BRITISH COLUMBIA,COLOMBIE-BRITANNIQUE,CAN,490643000,-1174420000,PST,566.9,1148705,XWF,71401.0,Climate-Auto,,,,ECCC - MSC,ECCC - SMC,Environment and Climate Change Canada - Meteorological Service of Canada,Environnement et Changement climatique Canada - Service météorologique du Canada,2001-06-26 10:00:00,2023-03-23 08:30:08,2001-06-26 10:00:00,2023-03-23 08:30:08,2001-11-26 00:00:00,2023-03-22 00:00:00,2002-07-01 00:00:00,2007-02-01 00:00:00,Y,N,Y,7939 days 22:30:08
WHISTLER - NESTERS,-122.9546111111111,50.12894444444444,43443,WHISTLER - NESTERS,BC,BRITISH COLUMBIA,COLOMBIE-BRITANNIQUE,CAN,500744200,-1225716600,PST,659.0,1100875,VOC,71687.0,Climate-Auto,,,,ECCC - MSC,ECCC - SMC,Environment and Climate Change Canada - Meteorological Service of Canada,Environnement et Changement climatique Canada - Service météorologique du Canada,2005-01-17 12:00:00,2023-03-23 08:30:08,2005-01-17 12:00:00,2023-03-23 08:30:08,2005-06-13 00:00:00,2023-03-22 00:00:00,2005-11-01 00:00:00,2007-02-01 00:00:00,Y,N,Y,6638 days 20:30:08
CRANBROOK AIRPORT AUTO,-115.78904888888889,49.61761888888889,51818,CRANBROOK AIRPORT AUTO,BC,BRITISH COLUMBIA,COLOMBIE-BRITANNIQUE,CAN,493703428,-1154720576,MST,926.7,1152106,VXC,71660.0,Climate-Auto,,,,ECCC - MSC,ECCC - SMC,Environment and Climate Change Canada - Meteorological Service of Canada,Environnement et Changement climatique Canada - Service météorologique du Canada,2013-11-13 00:00:00,2023-03-23 08:30:08,2013-11-13 16:00:00,2023-03-23 08:30:08,2013-11-13 00:00:00,2023-03-22 00:00:00,,,Y,N,Y,3416 days 16:30:08
GOLDEN A,-116.98222222222222,51.299166666666665,52980,GOLDEN A,BC,BRITISH COLUMBIA,COLOMBIE-BRITANNIQUE,CAN,511757000,-1165856000,MST,784.9,1173214,YGE,,Aviation-Auto,,,,NAVCAN,NAVCAN,NAV Canada,NAV Canada,2014-10-23 12:00:00,2023-03-23 08:30:08,2014-10-23 12:00:00,2023-03-23 08:30:08,2018-10-29 00:00:00,2023-03-22 00:00:00,,,Y,N,Y,3072 days 20:30:08
SPARWOOD,-114.88277777777778,49.74527777777778,1207,SPARWOOD,BC,BRITISH COLUMBIA,COLOMBIE-BRITANNIQUE,CAN,494443000,-1145258000,MST,1137.7,1157630,,,Climate-Staffed,D,1.0,5.0,CCN,RCSC,Co-operative Climate Network,Réseau coopératif de stations climatiques,1980-01-01 00:00:00,2020-02-22 00:00:00,1980-03-03 07:00:00,2014-10-02 11:00:00,1980-03-01 00:00:00,2020-02-22 00:00:00,1980-01-01 00:00:00,2007-02-01 00:00:00,Y,Y,Y,12631 days 04:00:00
GOLDEN A,-116.98222222222222,51.299166666666665,1364,GOLDEN A,BC,BRITISH COLUMBIA,COLOMBIE-BRITANNIQUE,CAN,511757000,-1165856000,MST,784.9,1173210,YGE,71173.0,Aviation-Staffed,A,1.0,1.0,CCN,RCSC,Co-operative Climate Network,Réseau coopératif de stations climatiques,1902-01-01 00:00:00,2023-03-21 00:00:00,1991-10-01 05:00:00,2014-08-07 11:00:00,1902-04-01 00:00:00,2023-03-21 00:00:00,1902-01-01 00:00:00,2007-02-01 00:00:00,N,Y,Y,8346 days 06:00:00
NORTH COWICHAN,-123.71889138888888,48.82416944444444,46728,NORTH COWICHAN,BC,BRITISH COLUMBIA,COLOMBIE-BRITANNIQUE,CAN,484927010,-1234308009,PST,44.8,1015630,VOO,71927.0,Climate-Auto,,,,ECCC - MSC,ECCC - SMC,Environment and Climate Change Canada - Meteorological Service of Canada,Environnement et Changement climatique Canada - Service météorologique du Canada,2007-11-27 00:00:00,2023-03-23 08:30:08,2007-11-27 08:00:00,2023-03-23 08:30:08,2007-11-27 00:00:00,2023-03-22 00:00:00,,,Y,N,Y,5595 days 00:30:08
REVELSTOKE AIRPORT RD,-118.16638888888887,50.95333333333333,1372,REVELSTOKE AIRPORT RD,BC,BRITISH COLUMBIA,COLOMBIE-BRITANNIQUE,CAN,505712000,-1180959000,PST,450.0,1176751,,,Climate-Staffed,C,1.0,4.0,,,,,1969-01-01 00:00:00,1999-08-31 00:00:00,1969-12-01 04:00:00,1999-04-06 15:00:00,1969-12-01 00:00:00,1999-08-31 00:00:00,1969-01-01 00:00:00,1999-08-01 00:00:00,Y,N,Y,10718 days 11:00:00
BONILLA ISLAND,-130.63769444444443,53.49275,384,BONILLA ISLAND,BC,BRITISH COLUMBIA,COLOMBIE-BRITANNIQUE,CAN,532933900,-1303815700,PST,16.2,1060902,WVB,,Climate-Staffed,A,1.0,1.0,CCG,GCC,Canadian Coast Guard,Garde côtière canadienne,1960-01-01 00:00:00,2023-03-22 00:00:00,1994-02-01 07:00:00,2001-12-13 10:00:00,1960-04-01 00:00:00,2023-03-22 00:00:00,1960-01-01 00:00:00,2007-02-01 00:00:00,Y,Y,Y,2872 days 03:00:00
WILLIAMS LAKE A,-122.05416666666666,52.18305555555556,664,WILLIAMS LAKE A,BC,BRITISH COLUMBIA,COLOMBIE-BRITANNIQUE,CAN,521059000,-1220315000,PST,939.7,1098940,YWL,71104.0,Aviation-Staffed,A,1.0,1.0,,,,,1960-12-01 00:00:00,2012-12-06 10:00:00,1961-01-01 00:00:00,2012-12-06 10:00:00,1960-12-01 00:00:00,2012-12-05 00:00:00,1961-01-01 00:00:00,2012-12-01 00:00:00,N,Y,Y,18967 days 10:00:00
ABBOTSFORD A,-122.36,49.02527777777778,50308,ABBOTSFORD A,BC,BRITISH COLUMBIA,COLOMBIE-BRITANNIQUE,CAN,490131000,-1222136000,PST,59.1,1100031,YXX,71108.0,Aviation-Staffed,,,,NAVCAN,NAVCAN,NAV Canada,NAV Canada,2011-10-07 17:00:00,2023-03-23 08:30:08,2011-10-07 17:00:00,2023-03-23 08:30:08,2012-06-21 00:00:00,2023-03-22 00:00:00,,,Y,N,Y,4184 days 15:30:08
FORT NELSON A,-122.59694444444445,58.83638888888889,50819,FORT NELSON A,BC,BRITISH COLUMBIA,COLOMBIE-BRITANNIQUE,CAN,585011000,-1223549000,PST,381.9,1192946,YYE,71945.0,Aviation-Staffed,,,,NAVCAN,NAVCAN,NAV Canada,NAV Canada,2012-11-08 00:00:00,2023-03-23 08:30:08,2012-11-08 07:00:00,2023-03-23 08:30:08,2012-11-08 00:00:00,2023-03-22 00:00:00,,,Y,N,Y,3787 days 01:30:08
CAMPBELL RIVER A,-125.27305555555556,49.95194444444444,51317,CAMPBELL RIVER A,BC,BRITISH COLUMBIA,COLOMBIE-BRITANNIQUE,CAN,495707000,-1251623000,PST,108.8,1021267,YBL,,Aviation-Staffed,,,,NAVCAN,NAVCAN,NAV Canada,NAV Canada,2013-06-11 06:00:00,2023-03-23 08:30:08,2013-06-11 06:00:00,2023-03-23 08:30:08,,,,,N,N,Y,3572 days 02:30:08
VANCOUVER SEA ISLAND CCG,-123.1872361111111,49.1825,51357,VANCOUVER SEA ISLAND CCG,BC,BRITISH COLUMBIA,COLOMBIE-BRITANNIQUE,CAN,491057000,-1231114050,PST,2.1,1108380,VVR,71608.0,Climate-Auto,,,,ECCC - MSC,ECCC - SMC,Environment and Climate Change Canada - Meteorological Service of Canada,Environnement et Changement climatique Canada - Service météorologique du Canada,2013-03-20 06:00:00,2023-03-23 08:30:08,2013-03-20 06:00:00,2023-03-23 08:30:08,2013-04-25 00:00:00,2023-03-22 00:00:00,,,Y,N,Y,3655 days 02:30:08
LYTTON,-121.58194444444445,50.22444444444445,961,LYTTON,BC,BRITISH COLUMBIA,COLOMBIE-BRITANNIQUE,CAN,501328000,-1213455000,PST,225.0,1114739,WLY,,Aviation-Auto,G,1.0,9.0,,,,,1990-01-01 00:00:00,2013-08-22 10:00:00,1994-02-01 00:00:00,2013-08-22 10:00:00,1990-03-01 00:00:00,2013-08-22 00:00:00,1990-01-01 00:00:00,2007-02-01 00:00:00,Y,N,Y,7142 days 10:00:00
MACKENZIE AIRPORT AUTO,-123.13780222222222,55.30528916666667,51517,MACKENZIE AIRPORT AUTO,BC,BRITISH COLUMBIA,COLOMBIE-BRITANNIQUE,CAN,551819041,-1230816088,PST,694.0,1184793,VZY,71944.0,Climate-Auto,,,,ECCC - MSC,ECCC - SMC,Environment and Climate Change Canada - Meteorological Service of Canada,Environnement et Changement climatique Canada - Service météorologique du Canada,2013-05-15 00:00:00,2023-03-23 08:30:08,2013-05-15 11:00:00,2023-03-23 08:30:08,2013-05-15 00:00:00,2023-03-22 00:00:00,,,Y,N,Y,3598 days 21:30:08
POWELL RIVER A,-124.50027777777778,49.83416666666667,52018,POWELL RIVER A,BC,BRITISH COLUMBIA,COLOMBIE-BRITANNIQUE,CAN,495003000,-1243001000,PST,129.5,1046396,YPW,,Aviation-Auto,,,,NAVCAN,NAVCAN,NAV Canada,NAV Canada,2013-12-09 07:00:00,2023-03-23 08:30:08,2013-12-09 07:00:00,2023-03-23 08:30:08,2018-10-29 00:00:00,2023-03-22 00:00:00,,,Y,N,Y,3391 days 01:30:08
POWELL RIVER A,-124.50027777777778,49.83416666666667,51438,POWELL RIVER A,BC,BRITISH COLUMBIA,COLOMBIE-BRITANNIQUE,CAN,495003000,-1243001000,PST,129.5,1046395,YPW,,Aviation-Staffed,,,,NAVCAN,NAVCAN,NAV Canada,NAV Canada,2013-12-09 07:00:00,2023-03-23 08:30:08,2013-12-09 07:00:00,2023-03-23 08:30:08,,,,,N,N,Y,3391 days 01:30:08
OSOYOOS CS,-119.44099166666666,49.02829166666667,1041,OSOYOOS CS,BC,BRITISH COLUMBIA,COLOMBIE-BRITANNIQUE,CAN,490141850,-1192627570,PST,282.9,1125852,WYY,71215.0,Climate-Auto,F,1.0,7.0,ECCC - MSC,ECCC - SMC,Environment and Climate Change Canada - Meteorological Service of Canada,Environnement et Changement climatique Canada - Service météorologique du Canada,1990-01-01 00:00:00,2023-03-23 08:30:08,1994-02-01 00:00:00,2023-03-23 08:30:08,1990-08-01 00:00:00,2023-03-22 00:00:00,1990-01-01 00:00:00,2006-11-01 00:00:00,Y,N,Y,10642 days 08:30:08
HOLLAND ROCK,-130.36085,54.17223388888889,6823,HOLLAND ROCK,BC,BRITISH COLUMBIA,COLOMBIE-BRITANNIQUE,CAN,541020042,-1302139060,PST,5.5,1063496,WHL,71219.0,Climate-Auto,G,1.0,8.0,ECCC - MSC,ECCC - SMC,Environment and Climate Change Canada - Meteorological Service of Canada,Environnement et Changement climatique Canada - Service météorologique du Canada,1991-01-01 00:00:00,2023-02-27 20:00:00,1994-02-01 00:00:00,2023-02-27 20:00:00,1991-01-01 00:00:00,2023-02-27 00:00:00,1991-01-01 00:00:00,1997-03-01 00:00:00,Y,N,Y,10618 days 20:00:00
PRINCETON CS,-120.51,49.465,6834,PRINCETON CS,BC,BRITISH COLUMBIA,COLOMBIE-BRITANNIQUE,CAN,492754000,-1203036000,PST,696.5,112FN0M,WPR,71032.0,Climate-Auto,F,1.0,7.0,ECCC - MSC,ECCC - SMC,Environment and Climate Change Canada - Meteorological Service of Canada,Environnement et Changement climatique Canada - Service météorologique du Canada,1992-11-01 00:00:00,2023-03-23 08:30:08,1994-02-01 00:00:00,2023-03-23 08:30:08,1992-11-01 00:00:00,2023-03-22 00:00:00,1993-04-01 00:00:00,2006-10-01 00:00:00,Y,N,Y,10642 days 08:30:08
VERNON CS,-119.19355555555556,50.22330555555556,6837,VERNON CS,BC,BRITISH COLUMBIA,COLOMBIE-BRITANNIQUE,CAN,501323900,-1191136800,PST,482.0,1128581,,,Climate-Auto,F,1.0,7.0,,,,,1991-01-01 00:00:00,2008-03-17 22:00:00,1994-02-01 00:00:00,2008-03-17 22:00:00,1991-06-01 00:00:00,2008-03-17 00:00:00,1991-01-01 00:00:00,2006-11-01 00:00:00,Y,N,Y,5158 days 22:00:00
PORT ALBERNI (AUT),-124.92683333333332,49.31658333333333,8045,PORT ALBERNI (AUT),BC,BRITISH COLUMBIA,COLOMBIE-BRITANNIQUE,CAN,491859700,-1245536600,PST,76.2,1036B06,WQC,71475.0,Climate-Auto,,,,ECCC - MSC,ECCC - SMC,Environment and Climate Change Canada - Meteorological Service of Canada,Environnement et Changement climatique Canada - Service météorologique du Canada,1992-12-11 00:00:00,2023-03-23 08:30:08,1994-02-01 00:00:00,2023-03-23 08:30:08,1992-12-11 00:00:00,2023-03-22 00:00:00,2002-03-01 00:00:00,2007-02-01 00:00:00,Y,N,Y,10642 days 08:30:08
TOFINO A,-125.77250555555555,49.08222222222222,277,TOFINO A,BC,BRITISH COLUMBIA,COLOMBIE-BRITANNIQUE,CAN,490456000,-1254621020,PST,24.5,1038205,YAZ,,Aviation-Staffed,A,1.0,1.0,CCN,RCSC,Co-operative Climate Network,Réseau coopératif de stations climatiques,1942-01-01 00:00:00,2023-03-22 00:00:00,1960-01-01 00:00:00,2014-05-01 10:00:00,1942-07-01 00:00:00,2023-03-22 00:00:00,1942-01-01 00:00:00,2007-02-01 00:00:00,Y,Y,Y,19844 days 10:00:00
VERNON AUTO,-119.19352777777776,50.22330555555556,46987,VERNON AUTO,BC,BRITISH COLUMBIA,COLOMBIE-BRITANNIQUE,CAN,501323900,-1191136700,PST,482.0,1128582,WJV,71115.0,Climate-Auto,,,,ECCC - MSC,ECCC - SMC,Environment and Climate Change Canada - Meteorological Service of Canada,Environnement et Changement climatique Canada - Service météorologique du Canada,2005-01-01 00:00:00,2023-03-23 08:30:08,2007-11-30 23:00:00,2023-03-23 08:30:08,2005-01-01 00:00:00,2023-03-22 00:00:00,,,Y,N,Y,5591 days 09:30:08
PRINCE GEORGE,-122.6775,53.884166666666665,48370,PRINCE GEORGE,BC,BRITISH COLUMBIA,COLOMBIE-BRITANNIQUE,CAN,535303000,-1224039000,PST,691.0,1096439,YXS,71896.0,Aviation-Auto,,,,NAVCAN,NAVCAN,NAV Canada,NAV Canada,2009-10-08 13:00:00,2023-03-23 08:30:08,2009-10-08 13:00:00,2023-03-23 08:30:08,2009-10-22 00:00:00,2023-03-22 00:00:00,,,Y,N,Y,4913 days 19:30:08
QUESNEL,-122.51027777777776,53.02611111111111,48688,QUESNEL,BC,BRITISH COLUMBIA,COLOMBIE-BRITANNIQUE,CAN,530134000,-1223037000,PST,545.0,1096629,YQZ,71192.0,Aviation-Auto,,,,NAVCAN,NAVCAN,NAV Canada,NAV Canada,2010-06-03 00:00:00,2023-03-23 08:30:08,2010-06-03 11:00:00,2023-03-23 08:30:08,2010-06-03 00:00:00,2023-03-22 00:00:00,,,Y,N,Y,4675 days 21:30:08
FORT ST JOHN A,-120.74027777777778,56.23805555555556,1413,FORT ST JOHN A,BC,BRITISH COLUMBIA,COLOMBIE-BRITANNIQUE,CAN,561417000,-1204425000,PST,694.9,1183000,YXJ,71943.0,Aviation-Staffed,A,1.0,1.0,,,,,1942-01-01 00:00:00,2012-12-06 10:00:00,1953-01-01 00:00:00,2012-12-06 10:00:00,1942-03-01 00:00:00,2012-12-06 00:00:00,1942-01-01 00:00:00,2012-12-01 00:00:00,N,Y,Y,21889 days 10:00:00
DEASE LAKE,-130.01055666666667,58.428335,1454,DEASE LAKE,BC,BRITISH COLUMBIA,COLOMBIE-BRITANNIQUE,CAN,582542006,-1300038004,PST,806.6,1192340,WDL,71958.0,Aviation-Staffed,A,1.0,1.0,,,,,1944-01-01 00:00:00,2012-11-15 14:00:00,1953-01-01 01:00:00,2012-11-15 14:00:00,1944-09-01 00:00:00,2011-12-15 00:00:00,1944-01-01 00:00:00,2007-02-01 00:00:00,Y,Y,Y,21868 days 13:00:00
SANDSPIT A,-131.81305555555556,53.25388888888889,367,SANDSPIT A,BC,BRITISH COLUMBIA,COLOMBIE-BRITANNIQUE,CAN,531514000,-1314847000,PST,6.4,1057050,YZP,,Climate-Staffed,A,1.0,1.0,CCN,RCSC,Co-operative Climate Network,Réseau coopératif de stations climatiques,1945-01-01 00:00:00,2017-03-30 00:00:00,1953-01-01 00:00:00,2005-01-19 18:00:00,1945-09-01 00:00:00,2017-03-30 00:00:00,1945-01-01 00:00:00,2007-02-01 00:00:00,Y,Y,Y,19011 days 18:00:00
TERRACE A,-128.5775,54.466388888888886,441,TERRACE A,BC,BRITISH COLUMBIA,COLOMBIE-BRITANNIQUE,CAN,542759000,-1283439000,PST,217.3,1068130,YXT,71951.0,Aviation-Staffed,A,1.0,1.0,,,,,1953-01-01 00:00:00,2013-01-17 10:00:00,1955-04-20 16:00:00,2013-01-17 10:00:00,1953-08-01 00:00:00,2013-01-16 00:00:00,1953-01-01 00:00:00,2013-01-01 00:00:00,N,Y,Y,21091 days 18:00:00
ABBOTSFORD A,-122.36,49.02527777777778,702,ABBOTSFORD A,BC,BRITISH COLUMBIA,COLOMBIE-BRITANNIQUE,CAN,490131000,-1222136000,PST,59.1,1100030,YXX,71108.0,Aviation-Staffed,A,1.0,1.0,,,,,1944-01-01 00:00:00,2012-06-21 10:00:00,1953-01-01 00:00:00,2012-06-21 10:00:00,1944-10-01 00:00:00,2012-06-20 00:00:00,1944-01-01 00:00:00,2012-06-01 00:00:00,N,Y,Y,21721 days 10:00:00
BURNS LAKE,-125.76666666666668,54.23333333333333,572,BURNS LAKE,BC,BRITISH COLUMBIA,COLOMBIE-BRITANNIQUE,CAN,541400000,-1254600000,PST,704.1,1091169,,,,D,1.0,5.0,,,,,1969-01-01 00:00:00,1990-12-01 00:00:00,1969-02-03 01:00:00,1990-11-30 16:00:00,1969-02-01 00:00:00,1990-11-30 00:00:00,1969-01-01 00:00:00,1990-12-01 00:00:00,Y,N,Y,7970 days 15:00:00
DELTA BURNS BOG,-123.00224583333332,49.12584805555556,49088,DELTA BURNS BOG,BC,BRITISH COLUMBIA,COLOMBIE-BRITANNIQUE,CAN,490733053,-1230008085,PST,3.1,1102415,VBB,71042.0,Climate-Auto,,,,ECCC - MSC,ECCC - SMC,Environment and Climate Change Canada - Meteorological Service of Canada,Environnement et Changement climatique Canada - Service météorologique du Canada,2010-11-19 01:00:00,2023-03-23 08:30:08,2010-11-19 01:00:00,2023-03-23 08:30:08,2011-01-25 00:00:00,2023-03-22 00:00:00,,,Y,N,Y,4507 days 07:30:08
PENTICTON A,-119.60222222222222,49.4625,50269,PENTICTON A,BC,BRITISH COLUMBIA,COLOMBIE-BRITANNIQUE,CAN,492745000,-1193608000,PST,344.4,1126146,YYF,71889.0,Aviation-Staffed,,,,NAVCAN,NAVCAN,NAV Canada,NAV Canada,2012-05-07 08:00:00,2023-03-23 08:30:08,2012-05-07 08:00:00,2023-03-23 08:30:08,2012-05-10 00:00:00,2023-03-22 00:00:00,,,Y,N,Y,3972 days 00:30:08
WILLIAMS LAKE A,-122.05444444444444,52.18333333333333,50820,WILLIAMS LAKE A,BC,BRITISH COLUMBIA,COLOMBIE-BRITANNIQUE,CAN,521100000,-1220316000,PST,939.7,1098941,YWL,71104.0,Aviation-Staffed,,,,NAVCAN,NAVCAN,NAV Canada,NAV Canada,2012-12-03 09:00:00,2023-03-23 08:30:08,2012-12-03 09:00:00,2023-03-23 08:30:08,2012-12-06 00:00:00,2023-03-22 00:00:00,,,Y,N,Y,3761 days 23:30:08
LYTTON A,-121.58194444444445,50.22444444444445,51598,LYTTON A,BC,BRITISH COLUMBIA,COLOMBIE-BRITANNIQUE,CAN,501328000,-1213455000,PST,224.9,1114738,WLY,71812.0,Aviation-Auto,,,,NAVCAN,NAVCAN,NAV Canada,NAV Canada,2013-08-20 09:00:00,2023-03-23 08:30:08,2013-08-20 09:00:00,2023-03-23 08:30:08,2013-08-22 00:00:00,2023-03-22 00:00:00,,,Y,N,Y,3501 days 23:30:08
MASSET A,-132.125,54.02722222222222,52940,MASSET A,BC,BRITISH COLUMBIA,COLOMBIE-BRITANNIQUE,CAN,540138000,-1320730000,PST,5.8,1054929,ZMT,,Aviation-Auto,,,,NAVCAN,NAVCAN,NAV Canada,NAV Canada,2014-10-23 11:00:00,2023-03-23 08:30:08,2014-10-23 11:00:00,2023-03-23 08:30:08,2018-10-29 00:00:00,2023-03-22 00:00:00,,,Y,N,Y,3072 days 21:30:08
TOFINO A,-125.7725,49.08222222222222,52960,TOFINO A,BC,BRITISH COLUMBIA,COLOMBIE-BRITANNIQUE,CAN,490456000,-1254621000,PST,24.4,1038210,YAZ,,Aviation-Auto,,,,NAVCAN,NAVCAN,NAV Canada,NAV Canada,2014-10-23 11:00:00,2023-03-23 08:30:08,2014-10-23 11:00:00,2023-03-23 08:30:08,2018-10-29 00:00:00,2023-03-22 00:00:00,,,Y,N,Y,3072 days 21:30:08
BELLA COOLA A,-126.59583333333332,52.3875,52978,BELLA COOLA A,BC,BRITISH COLUMBIA,COLOMBIE-BRITANNIQUE,CAN,522315000,-1263545000,PST,35.7,1060848,YBD,,Aviation-Auto,,,,NAVCAN,NAVCAN,NAV Canada,NAV Canada,2014-10-23 11:00:00,2023-03-23 08:30:08,2014-10-23 11:00:00,2023-03-23 08:30:08,2018-10-29 00:00:00,2023-03-22 00:00:00,,,Y,N,Y,3072 days 21:30:08
KELOWNA A,-119.37777777777778,49.95611111111111,1001,KELOWNA A,BC,BRITISH COLUMBIA,COLOMBIE-BRITANNIQUE,CAN,495722000,-1192240000,PST,429.5,1123970,YLW,71203.0,Aviation-Staffed,A,1.0,1.0,,,,,1959-03-23 08:00:00,2005-09-30 00:00:00,1959-03-23 08:00:00,2005-01-21 05:00:00,1968-10-01 00:00:00,2005-09-30 00:00:00,1968-01-01 00:00:00,2005-09-01 00:00:00,N,Y,Y,16740 days 21:00:00
BLUE RIVER A,-119.29277777777776,52.12472222222223,53423,BLUE RIVER A,BC,BRITISH COLUMBIA,COLOMBIE-BRITANNIQUE,CAN,520729000,-1191734000,PST,690.4,1160898,YCP,,Aviation-Staffed,,,,NAVCAN,NAVCAN,NAV Canada,NAV Canada,2015-01-15 11:00:00,2023-03-23 08:30:08,2015-01-15 11:00:00,2023-03-23 08:30:08,,,,,N,N,Y,2988 days 21:30:08
CASTLEGAR A,-117.6325,49.29638888888889,1105,CASTLEGAR A,BC,BRITISH COLUMBIA,COLOMBIE-BRITANNIQUE,CAN,491747000,-1173757000,PST,495.6,1141455,YCG,,Aviation-Staffed,A,1.0,1.0,CCN,RCSC,Co-operative Climate Network,Réseau coopératif de stations climatiques,1954-01-12 07:00:00,2023-03-22 00:00:00,1954-01-12 07:00:00,2013-05-16 10:00:00,1965-12-01 00:00:00,2023-03-22 00:00:00,1966-01-01 00:00:00,2007-02-01 00:00:00,Y,Y,Y,21674 days 03:00:00
ESTEVAN POINT CS,-126.54310916666668,49.38330944444444,8040,ESTEVAN POINT CS,BC,BRITISH COLUMBIA,COLOMBIE-BRITANNIQUE,CAN,492259914,-1263235193,PST,5.8,1032731,WEB,71894.0,Climate-Auto,G,1.0,8.0,ECCC - MSC,ECCC - SMC,Environment and Climate Change Canada - Meteorological Service of Canada,Environnement et Changement climatique Canada - Service météorologique du Canada,1993-01-18 00:00:00,2023-03-23 08:30:08,1994-02-01 00:00:00,2023-03-23 08:30:08,1993-01-18 00:00:00,2023-03-22 00:00:00,1997-04-01 00:00:00,2007-02-01 00:00:00,Y,N,Y,10642 days 08:30:08
BLUE RIVER CS,-119.28991666666668,52.129,8214,BLUE RIVER CS,BC,BRITISH COLUMBIA,COLOMBIE-BRITANNIQUE,CAN,520744400,-1191723700,PST,682.8,1160H99,WSV,71883.0,Climate-Auto,G,1.0,8.0,ECCC - MSC,ECCC - SMC,Environment and Climate Change Canada - Meteorological Service of Canada,Environnement et Changement climatique Canada - Service météorologique du Canada,1992-12-02 00:00:00,2023-03-23 08:30:08,1993-10-31 16:00:00,2023-03-23 08:30:08,1992-12-02 00:00:00,2023-03-22 00:00:00,1997-05-01 00:00:00,2006-10-01 00:00:00,Y,N,Y,10734 days 16:30:08
KAMLOOPS A,-120.44194444444445,50.70222222222223,1275,KAMLOOPS A,BC,BRITISH COLUMBIA,COLOMBIE-BRITANNIQUE,CAN,504208000,-1202631000,PST,345.3,1163780,YKA,71887.0,Aviation-Staffed,A,1.0,1.0,,,,,1951-01-01 00:00:00,2013-06-13 10:00:00,1953-01-01 04:00:00,2013-06-13 10:00:00,1951-01-01 00:00:00,2013-06-12 00:00:00,1951-01-01 00:00:00,2013-06-01 00:00:00,N,Y,Y,22078 days 06:00:00
SANDSPIT AWOS,-131.8138888888889,53.25416666666667,30955,SANDSPIT AWOS,BC,BRITISH COLUMBIA,COLOMBIE-BRITANNIQUE,CAN,531515000,-1314850000,PST,6.4,1057055,CZP,,Aviation-Auto,,,,,,,,1999-01-08 04:00:00,2013-04-09 10:00:00,1999-01-08 04:00:00,2013-04-09 10:00:00,2002-01-01 00:00:00,2013-04-09 00:00:00,2005-02-01 00:00:00,2006-12-01 00:00:00,Y,N,Y,5205 days 06:00:00
DAWSON CREEK A,-120.18194444444444,55.74166666666667,1404,DAWSON CREEK A,BC,BRITISH COLUMBIA,COLOMBIE-BRITANNIQUE,CAN,554430000,-1201055000,MST,654.7,1182285,YDQ,71471.0,,A,1.0,1.0,,,,,1964-01-23 09:00:00,2009-09-11 00:00:00,1964-01-23 09:00:00,2009-07-02 11:00:00,1968-03-01 00:00:00,2009-09-11 00:00:00,1968-01-01 00:00:00,2006-06-01 00:00:00,N,Y,Y,16597 days 02:00:00
DAWSON CREEK A,-120.18305555555555,55.74222222222223,48208,DAWSON CREEK A,BC,BRITISH COLUMBIA,COLOMBIE-BRITANNIQUE,CAN,554432000,-1201059000,MST,654.7,1182289,YDQ,71471.0,Aviation-Auto,,,,NAVCAN,NAVCAN,NAV Canada,NAV Canada,2009-08-27 07:00:00,2023-03-23 08:30:08,2009-08-27 07:00:00,2023-03-23 08:30:08,2009-09-03 00:00:00,2023-03-22 00:00:00,,,Y,N,Y,4956 days 01:30:08
POWELL RIVER,-124.49680555555555,49.83455555555555,45807,POWELL RIVER,BC,BRITISH COLUMBIA,COLOMBIE-BRITANNIQUE,CAN,495004400,-1242948500,PST,125.0,1046392,VOP,71720.0,Climate-Auto,,,,ECCC - MSC,ECCC - SMC,Environment and Climate Change Canada - Meteorological Service of Canada,Environnement et Changement climatique Canada - Service météorologique du Canada,2007-07-10 00:00:00,2023-03-23 08:30:08,2007-07-10 14:00:00,2023-03-23 08:30:08,2007-07-10 00:00:00,2023-03-22 00:00:00,,,Y,N,Y,5734 days 18:30:08
PEMBERTON AIRPORT CS,-122.73408888888888,50.30564611111111,536,PEMBERTON AIRPORT CS,BC,BRITISH COLUMBIA,COLOMBIE-BRITANNIQUE,CAN,501820326,-1224402720,PST,204.3,1086082,WGP,71777.0,Climate-Auto,F,1.0,7.0,ECCC - MSC,ECCC - SMC,Environment and Climate Change Canada - Meteorological Service of Canada,Environnement et Changement climatique Canada - Service météorologique du Canada,1984-01-01 00:00:00,2023-03-23 08:30:08,1988-06-01 07:00:00,2023-03-23 08:30:08,1984-04-01 00:00:00,2023-03-22 00:00:00,1984-01-01 00:00:00,2006-12-01 00:00:00,Y,N,Y,12713 days 01:30:08
DEASE LAKE A,-130.0313888888889,58.422222222222224,49628,DEASE LAKE A,BC,BRITISH COLUMBIA,COLOMBIE-BRITANNIQUE,CAN,582520000,-1300153000,PST,802.8,1192341,YDL,71686.0,Aviation-Auto,,,,NAVCAN,NAVCAN,NAV Canada,NAV Canada,2011-12-12 08:00:00,2023-03-23 08:30:08,2011-12-12 08:00:00,2023-03-23 08:30:08,2011-12-15 00:00:00,2023-03-22 00:00:00,,,Y,N,Y,4119 days 00:30:08
HOPE AIRPORT,-121.49347222222222,49.36983333333333,50517,HOPE AIRPORT,BC,BRITISH COLUMBIA,COLOMBIE-BRITANNIQUE,CAN,492211400,-1212936500,PST,39.0,1113543,VPE,71114.0,Climate-Auto,,,,ECCC - MSC,ECCC - SMC,Environment and Climate Change Canada - Meteorological Service of Canada,Environnement et Changement climatique Canada - Service météorologique du Canada,2012-08-01 00:00:00,2023-03-23 08:30:08,2012-08-02 05:00:00,2023-03-23 08:30:08,2012-08-01 00:00:00,2023-03-22 00:00:00,,,Y,N,Y,3885 days 03:30:08
PORT HARDY A,-127.36666666666666,50.68055555555556,51319,PORT HARDY A,BC,BRITISH COLUMBIA,COLOMBIE-BRITANNIQUE,CAN,504050000,-1272200000,PST,21.6,1026271,YZT,71109.0,Aviation-Staffed,,,,NAVCAN,NAVCAN,NAV Canada,NAV Canada,2013-04-13 00:00:00,2023-03-23 08:30:08,2013-06-11 06:00:00,2023-03-23 08:30:08,2013-04-13 00:00:00,2023-03-22 00:00:00,,,Y,N,Y,3572 days 02:30:08
KAMLOOPS A,-120.4486111111111,50.7025,51423,KAMLOOPS A,BC,BRITISH COLUMBIA,COLOMBIE-BRITANNIQUE,CAN,504209000,-1202655000,PST,345.3,1163781,YKA,71887.0,Aviation-Staffed,,,,NAVCAN,NAVCAN,NAV Canada,NAV Canada,2013-06-11 06:00:00,2023-03-23 08:30:08,2013-06-11 06:00:00,2023-03-23 08:30:08,2013-06-13 00:00:00,2023-03-22 00:00:00,,,Y,N,Y,3572 days 02:30:08
WHITE ROCK CAMPBELL SCIENTIFIC,-122.7838888888889,49.01805555555556,925,WHITE ROCK CAMPBELL SCIENTIFIC,BC,BRITISH COLUMBIA,COLOMBIE-BRITANNIQUE,CAN,490105000,-1224702000,PST,13.0,1108910,WWK,71785.0,Climate-Auto,F,1.0,7.0,ECCC - MSC,ECCC - SMC,Environment and Climate Change Canada - Meteorological Service of Canada,Environnement et Changement climatique Canada - Service météorologique du Canada,1929-01-01 00:00:00,2023-03-23 08:30:08,1994-02-01 00:00:00,2023-03-23 08:30:08,1929-01-01 00:00:00,2023-03-22 00:00:00,1929-01-01 00:00:00,2007-02-01 00:00:00,Y,N,Y,10642 days 08:30:08
VANCOUVER INTL A,-123.18388888888887,49.19472222222223,51442,VANCOUVER INTL A,BC,BRITISH COLUMBIA,COLOMBIE-BRITANNIQUE,CAN,491141000,-1231102000,PST,4.3,1108395,YVR,71892.0,Aviation-Staffed,,,,NAVCAN,NAVCAN,NAV Canada,NAV Canada,2013-06-11 06:00:00,2023-03-23 08:30:08,2013-06-11 06:00:00,2023-03-23 08:30:08,2013-06-13 00:00:00,2023-03-22 00:00:00,,,Y,N,Y,3572 days 02:30:08
CASTLEGAR A,-117.6325,49.29611111111111,52938,CASTLEGAR A,BC,BRITISH COLUMBIA,COLOMBIE-BRITANNIQUE,CAN,491746000,-1173757000,PST,495.6,1141460,YCG,,Aviation-Auto,,,,NAVCAN,NAVCAN,NAV Canada,NAV Canada,2014-10-23 11:00:00,2023-03-23 08:30:08,2014-10-23 11:00:00,2023-03-23 08:30:08,2018-10-29 00:00:00,2023-03-22 00:00:00,,,Y,N,Y,3072 days 21:30:08
PRINCETON A,-120.5125,49.467777777777776,52958,PRINCETON A,BC,BRITISH COLUMBIA,COLOMBIE-BRITANNIQUE,CAN,492804000,-1203045000,PST,701.6,1126518,YDC,,Aviation-Auto,,,,NAVCAN,NAVCAN,NAV Canada,NAV Canada,2014-10-23 11:00:00,2023-03-23 08:30:08,2014-10-23 11:00:00,2023-03-23 08:30:08,2018-10-29 00:00:00,2023-03-22 00:00:00,,,Y,N,Y,3072 days 21:30:08
BELLA COOLA AIRPORT,-126.58694444444444,52.38861111111111,54338,BELLA COOLA AIRPORT,BC,BRITISH COLUMBIA,COLOMBIE-BRITANNIQUE,CAN,522319000,-1263513000,PST,36.9,1060844,VBD,71533.0,Climate-Auto,,,,ECCC - MSC,ECCC - SMC,Environment and Climate Change Canada - Meteorological Service of Canada,Environnement et Changement climatique Canada - Service météorologique du Canada,2015-11-26 12:00:00,2023-03-23 08:30:08,2015-11-26 12:00:00,2023-03-23 08:30:08,2015-12-09 00:00:00,2023-03-22 00:00:00,,,Y,N,Y,2673 days 20:30:08
VICTORIA GONZALES CS,-123.32477555555556,48.41330444444444,114,VICTORIA GONZALES CS,BC,BRITISH COLUMBIA,COLOMBIE-BRITANNIQUE,CAN,482447896,-1231929192,PST,61.0,1018611,WLM,71200.0,Climate-Auto,G,1.0,9.0,ECCC - MSC,ECCC - SMC,Environment and Climate Change Canada - Meteorological Service of Canada,Environnement et Changement climatique Canada - Service météorologique du Canada,1972-01-01 00:00:00,2023-03-23 08:30:08,1994-02-01 00:00:00,2023-03-23 08:30:08,1973-01-01 00:00:00,2023-03-22 00:00:00,1972-01-01 00:00:00,2007-02-01 00:00:00,Y,N,Y,10642 days 08:30:08
COMOX A,-124.9,49.71666666666667,155,COMOX A,BC,BRITISH COLUMBIA,COLOMBIE-BRITANNIQUE,CAN,494300000,-1245400000,PST,25.6,1021830,YQQ,71893.0,,A,1.0,1.0,DND,MDN,Department of National Defence,Ministère de la Défense nationale,1944-01-01 00:00:00,2023-03-23 08:30:08,1953-01-01 00:00:00,2023-03-23 08:30:08,1944-07-01 00:00:00,2023-03-22 00:00:00,1944-01-01 00:00:00,2017-12-01 00:00:00,Y,Y,Y,25648 days 08:30:08
KINDAKUN ROCKS (AUT),-132.77199972222223,53.31558,8062,KINDAKUN ROCKS (AUT),BC,BRITISH COLUMBIA,COLOMBIE-BRITANNIQUE,CAN,531856088,-1324619199,PST,14.7,1054222,WQS,71472.0,Climate-Auto,,,,ECCC - MSC,ECCC - SMC,Environment and Climate Change Canada - Meteorological Service of Canada,Environnement et Changement climatique Canada - Service météorologique du Canada,1994-02-01 00:28:00,2023-03-23 08:30:08,1994-02-01 00:28:00,2023-03-23 08:30:08,1994-12-30 00:00:00,2023-03-22 00:00:00,2005-08-01 00:00:00,2005-10-01 00:00:00,Y,N,Y,10642 days 08:02:08
HERBERT ISLAND (AUT),-127.63205,50.93976111111111,8259,HERBERT ISLAND (AUT),BC,BRITISH COLUMBIA,COLOMBIE-BRITANNIQUE,CAN,505623140,-1273755380,PST,13.5,1063461,WLP,71485.0,Climate-Auto,,,,ECCC - MSC,ECCC - SMC,Environment and Climate Change Canada - Meteorological Service of Canada,Environnement et Changement climatique Canada - Service météorologique du Canada,1994-02-01 00:25:00,2023-03-23 08:30:08,1994-02-01 00:25:00,2023-03-23 08:30:08,1994-12-30 00:00:00,2023-03-22 00:00:00,2005-06-01 00:00:00,2007-02-01 00:00:00,Y,N,Y,10642 days 08:05:08
CAPE SCOTT,-128.42722777777777,50.78223333333333,237,CAPE SCOTT,BC,BRITISH COLUMBIA,COLOMBIE-BRITANNIQUE,CAN,504656040,-1282538020,PST,71.6,1031353,WES,,Climate-Staffed,A,1.0,1.0,CCG,GCC,Canadian Coast Guard,Garde côtière canadienne,1965-01-01 00:00:00,2016-06-28 00:00:00,1966-06-01 04:00:00,2001-12-13 16:00:00,1965-12-01 00:00:00,2016-06-28 00:00:00,1965-01-01 00:00:00,2007-02-01 00:00:00,Y,Y,Y,12979 days 12:00:00
PRINCE RUPERT AWOS,-130.44472222222225,54.28611111111111,27991,PRINCE RUPERT AWOS,BC,BRITISH COLUMBIA,COLOMBIE-BRITANNIQUE,CAN,541710000,-1302641000,PST,35.4,1066483,VPT,71898.0,Aviation-Auto,,,,,,,,2004-04-07 01:00:00,2012-05-08 11:00:00,2004-04-07 01:00:00,2012-05-08 11:00:00,2005-01-21 00:00:00,2012-05-08 00:00:00,2005-02-01 00:00:00,2007-02-01 00:00:00,Y,N,Y,2953 days 10:00:00
LYTTON RCS,-121.58194444444445,50.22444444444445,44927,LYTTON RCS,BC,BRITISH COLUMBIA,COLOMBIE-BRITANNIQUE,CAN,501328000,-1213455000,PST,225.0,1114746,VLY,71765.0,Climate-Auto,,,,ECCC - MSC,ECCC - SMC,Environment and Climate Change Canada - Meteorological Service of Canada,Environnement et Changement climatique Canada - Service météorologique du Canada,2006-05-01 00:00:00,2023-03-23 08:30:08,2006-05-23 08:00:00,2023-03-23 08:30:08,2006-05-01 00:00:00,2023-03-22 00:00:00,2006-05-01 00:00:00,2006-12-01 00:00:00,Y,N,Y,6148 days 00:30:08
KELOWNA,-119.37777777777778,49.95722222222222,48369,KELOWNA,BC,BRITISH COLUMBIA,COLOMBIE-BRITANNIQUE,CAN,495726000,-1192240000,PST,433.1,1123939,YLW,71203.0,Aviation-Auto,,,,NAVCAN,NAVCAN,NAV Canada,NAV Canada,2009-08-27 11:00:00,2023-03-23 08:30:08,2009-08-27 11:00:00,2023-03-23 08:30:08,2009-09-03 00:00:00,2023-03-22 00:00:00,,,Y,N,Y,4955 days 21:30:08
SMITHERS,-127.18277777777776,54.82527777777778,48628,SMITHERS,BC,BRITISH COLUMBIA,COLOMBIE-BRITANNIQUE,CAN,544931000,-1271058000,PST,523.0,1077499,YYD,71950.0,Aviation-Auto,,,,NAVCAN,NAVCAN,NAV Canada,NAV Canada,2010-02-02 12:00:00,2023-03-23 08:30:08,2010-02-02 12:00:00,2023-03-23 08:30:08,2010-04-08 00:00:00,2023-03-22 00:00:00,,,Y,N,Y,4796 days 20:30:08
MACKENZIE,-123.13333333333334,55.29944444444445,48870,MACKENZIE,BC,BRITISH COLUMBIA,COLOMBIE-BRITANNIQUE,CAN,551758000,-1230800000,PST,690.1,1184791,YZY,71290.0,Aviation-Auto,,,,NAVCAN,NAVCAN,NAV Canada,NAV Canada,2010-07-26 06:00:00,2023-03-23 08:30:08,2010-07-26 06:00:00,2023-03-23 08:30:08,2010-07-29 00:00:00,2023-03-22 00:00:00,,,Y,N,Y,4623 days 02:30:08
MACKENZIE A,-123.13805555555555,55.305277777777775,1423,MACKENZIE A,BC,BRITISH COLUMBIA,COLOMBIE-BRITANNIQUE,CAN,551819000,-1230817000,PST,690.1,1184790,VMK,,Aviation-Auto,C,1.0,4.0,,,,,1971-01-01 00:00:00,2015-06-18 09:00:00,1971-02-08 10:00:00,2015-06-18 09:00:00,1971-02-01 00:00:00,2013-05-14 00:00:00,1971-01-01 00:00:00,2007-02-01 00:00:00,Y,N,Y,16200 days 23:00:00
LANGARA,-133.05799972222223,54.25518,358,LANGARA,BC,BRITISH COLUMBIA,COLOMBIE-BRITANNIQUE,CAN,541518648,-1330328799,PST,42.7,1054500,WLA,71899.0,Climate-Staffed,A,1.0,1.0,CCG,GCC,Canadian Coast Guard,Garde côtière canadienne,1936-01-01 00:00:00,2023-03-21 00:00:00,1954-01-01 01:00:00,2001-12-13 13:00:00,1936-07-01 00:00:00,2023-03-21 00:00:00,1936-01-01 00:00:00,2007-02-01 00:00:00,Y,Y,Y,17513 days 12:00:00
PRINCE GEORGE A,-122.67888888888888,53.89083333333333,631,PRINCE GEORGE A,BC,BRITISH COLUMBIA,COLOMBIE-BRITANNIQUE,CAN,535327000,-1224044000,PST,691.3,1096450,YXS,71896.0,Aviation-Staffed,A,1.0,1.0,,,,,1942-01-01 00:00:00,2009-10-22 10:00:00,1953-01-01 00:00:00,2009-10-22 10:00:00,1942-07-01 00:00:00,2009-10-21 00:00:00,1942-01-01 00:00:00,2009-10-01 00:00:00,N,Y,Y,20748 days 10:00:00
PRINCE RUPERT,-130.38333333333333,54.28333333333333,421,PRINCE RUPERT,BC,BRITISH COLUMBIA,COLOMBIE-BRITANNIQUE,CAN,541700000,-1302300000,PST,51.8,1066480,,,,,1.0,9.0,,,,,1908-01-01 00:00:00,1962-12-31 22:00:00,1953-02-01 04:00:00,1962-12-31 22:00:00,1908-08-01 00:00:00,1962-12-31 00:00:00,1908-01-01 00:00:00,1962-12-01 00:00:00,Y,N,Y,3620 days 18:00:00
STEWART A,-129.985,55.93611111111111,434,STEWART A,BC,BRITISH COLUMBIA,COLOMBIE-BRITANNIQUE,CAN,555610000,-1295906000,PST,7.3,1067742,ZST,,Aviation-Staffed,A,1.0,1.0,,,,,1974-12-01 00:00:00,2016-06-12 00:00:00,1974-12-10 10:00:00,2015-01-15 10:00:00,1974-12-01 00:00:00,2016-06-12 00:00:00,1975-01-01 00:00:00,2007-02-01 00:00:00,N,Y,Y,14646 days 00:00:00
BURNS LAKE DECKER LAKE,-125.95866666666667,54.38316666666667,574,BURNS LAKE DECKER LAKE,BC,BRITISH COLUMBIA,COLOMBIE-BRITANNIQUE,CAN,542259400,-1255731200,PST,713.2,1091174,WPZ,71952.0,Climate-Auto,G,1.0,8.0,ECCC - MSC,ECCC - SMC,Environment and Climate Change Canada - Meteorological Service of Canada,Environnement et Changement climatique Canada - Service météorologique du Canada,1990-01-01 00:00:00,2023-03-23 08:30:08,1990-12-01 04:00:00,2023-03-23 08:30:08,1990-12-01 00:00:00,2023-03-22 00:00:00,1990-01-01 00:00:00,2006-11-01 00:00:00,Y,N,Y,11800 days 04:30:08
VANCOUVER HARBOUR CS,-123.12186944444444,49.29535277777778,888,VANCOUVER HARBOUR CS,BC,BRITISH COLUMBIA,COLOMBIE-BRITANNIQUE,CAN,491743270,-1230718730,PST,2.5,1108446,WHC,71201.0,Climate-Auto,D,1.0,5.0,ECCC - MSC,ECCC - SMC,Environment and Climate Change Canada - Meteorological Service of Canada,Environnement et Changement climatique Canada - Service météorologique du Canada,1925-01-01 00:00:00,2023-03-23 08:30:08,1976-01-20 07:00:00,2023-03-23 08:30:08,1925-11-01 00:00:00,2023-03-22 00:00:00,1925-01-01 00:00:00,2007-02-01 00:00:00,Y,N,Y,17229 days 01:30:08
SMITHERS AIRPORT AUTO,-127.18944444444443,54.82416666666666,51658,SMITHERS AIRPORT AUTO,BC,BRITISH COLUMBIA,COLOMBIE-BRITANNIQUE,CAN,544927000,-1271122000,PST,517.6,1077501,VYD,71268.0,Climate-Auto,,,,ECCC - MSC,ECCC - SMC,Environment and Climate Change Canada - Meteorological Service of Canada,Environnement et Changement climatique Canada - Service météorologique du Canada,2013-08-19 00:00:00,2023-03-23 08:30:08,2013-08-19 08:00:00,2023-03-23 08:30:08,2013-08-19 00:00:00,2023-03-22 00:00:00,,,Y,N,Y,3503 days 00:30:08
FORT NELSON,-122.57416722222224,58.84139055555556,54098,FORT NELSON,BC,BRITISH COLUMBIA,COLOMBIE-BRITANNIQUE,CAN,585029006,-1223427002,PST,380.2,1192948,VFN,71594.0,Climate-Auto,,,,ECCC - MSC,ECCC - SMC,Environment and Climate Change Canada - Meteorological Service of Canada,Environnement et Changement climatique Canada - Service météorologique du Canada,2015-10-14 08:00:00,2023-03-23 08:30:08,2015-10-14 08:00:00,2023-03-23 08:30:08,2015-10-27 00:00:00,2023-03-22 00:00:00,,,Y,N,Y,2717 days 00:30:08
GOLDEN AIRPORT,-116.98433333333334,51.300222222222224,54318,GOLDEN AIRPORT,BC,BRITISH COLUMBIA,COLOMBIE-BRITANNIQUE,CAN,511800800,-1165903600,PST,785.0,1173220,VGE,71905.0,Climate-Auto,,,,ECCC - MSC,ECCC - SMC,Environment and Climate Change Canada - Meteorological Service of Canada,Environnement et Changement climatique Canada - Service météorologique du Canada,2015-11-26 00:00:00,2023-03-23 08:30:08,2015-11-26 13:00:00,2023-03-23 08:30:08,2015-11-26 00:00:00,2023-03-22 00:00:00,,,Y,N,Y,2673 days 19:30:08
VICTORIA UNIVERSITY CS,-123.30461111111111,48.457,6812,VICTORIA UNIVERSITY CS,BC,BRITISH COLUMBIA,COLOMBIE-BRITANNIQUE,CAN,482725200,-1231816600,PST,60.1,1018598,WYJ,71783.0,Climate-Auto,F,1.0,7.0,ECCC - MSC,ECCC - SMC,Environment and Climate Change Canada - Meteorological Service of Canada,Environnement et Changement climatique Canada - Service météorologique du Canada,1992-01-01 00:00:00,2023-03-23 08:30:08,1994-02-01 00:00:00,2023-03-23 08:30:08,1992-12-01 00:00:00,2023-03-22 00:00:00,1992-01-01 00:00:00,2007-02-01 00:00:00,Y,N,Y,10642 days 08:30:08
VICTORIA GONZALES HTS,-123.32500472222222,48.4130725,113,VICTORIA GONZALES HTS,BC,BRITISH COLUMBIA,COLOMBIE-BRITANNIQUE,CAN,482447061,-1231930017,PST,69.5,1018610,WLM,,,D,1.0,5.0,,,,,1898-01-01 00:00:00,2004-11-30 00:00:00,1953-01-01 00:00:00,2000-03-14 07:00:00,1898-08-01 00:00:00,2004-11-30 00:00:00,1898-01-01 00:00:00,2004-11-01 00:00:00,Y,N,Y,17239 days 07:00:00
LANGARA ISLAND RCS,-133.05848805555556,54.25538805555556,6819,LANGARA ISLAND RCS,BC,BRITISH COLUMBIA,COLOMBIE-BRITANNIQUE,CAN,541519397,-1330330557,PST,46.9,1054503,WJU,71903.0,Climate-Auto,F,1.0,7.0,ECCC - MSC,ECCC - SMC,Environment and Climate Change Canada - Meteorological Service of Canada,Environnement et Changement climatique Canada - Service météorologique du Canada,1992-01-01 00:00:00,2023-03-23 08:30:08,1994-02-01 00:58:00,2023-03-23 08:30:08,1992-11-01 00:00:00,2023-03-22 00:00:00,1992-01-01 00:00:00,2007-02-01 00:00:00,Y,N,Y,10642 days 07:32:08
NAKUSP CS,-117.81709444444444,50.269425,6840,NAKUSP CS,BC,BRITISH COLUMBIA,COLOMBIE-BRITANNIQUE,CAN,501609930,-1174901540,PST,512.1,1145297,WNP,71216.0,Climate-Auto,F,1.0,7.0,ECCC - MSC,ECCC - SMC,Environment and Climate Change Canada - Meteorological Service of Canada,Environnement et Changement climatique Canada - Service météorologique du Canada,1991-01-01 00:00:00,2023-03-23 08:30:08,1994-02-01 00:00:00,2023-03-23 08:30:08,1991-01-01 00:00:00,2023-03-22 00:00:00,1991-02-01 00:00:00,2006-11-01 00:00:00,Y,N,Y,10642 days 08:30:08
PUNTZI MOUNTAIN (AUT),-124.13555555555556,52.114444444444445,8092,PUNTZI MOUNTAIN (AUT),BC,BRITISH COLUMBIA,COLOMBIE-BRITANNIQUE,CAN,520652000,-1240808000,PST,909.8,1086558,WPU,71050.0,Climate-Auto,,,,ECCC - MSC,ECCC - SMC,Environment and Climate Change Canada - Meteorological Service of Canada,Environnement et Changement climatique Canada - Service météorologique du Canada,1993-03-25 00:00:00,2023-03-23 08:30:08,1994-02-01 00:00:00,2023-03-23 08:30:08,1993-03-25 00:00:00,2023-03-22 00:00:00,2005-06-01 00:00:00,2006-09-01 00:00:00,Y,N,Y,10642 days 08:30:08
HOPE (AUT),-121.49805555555557,49.36833333333333,8152,HOPE (AUT),BC,BRITISH COLUMBIA,COLOMBIE-BRITANNIQUE,CAN,492206000,-1212953000,PST,39.0,1113541,ZHE,71114.0,Aviation-Auto,,,,,,,,2004-01-01 00:00:00,2012-08-23 00:00:00,2004-04-07 01:00:00,2012-08-01 10:00:00,2004-01-01 00:00:00,2012-08-23 00:00:00,2005-02-01 00:00:00,2007-02-01 00:00:00,Y,N,Y,3038 days 09:00:00
SARTINE ISLAND (AUT),-128.90805555555556,50.82111111111111,8261,SARTINE ISLAND (AUT),BC,BRITISH COLUMBIA,COLOMBIE-BRITANNIQUE,CAN,504916000,-1285429000,PST,103.5,1037090,WFG,71478.0,Climate-Auto,,,,ECCC - MSC,ECCC - SMC,Environment and Climate Change Canada - Meteorological Service of Canada,Environnement et Changement climatique Canada - Service météorologique du Canada,1994-02-01 00:21:00,2023-03-23 08:30:08,1994-02-01 00:21:00,2023-03-23 08:30:08,1994-12-30 00:00:00,2023-03-22 00:00:00,2005-02-01 00:00:00,2007-02-01 00:00:00,Y,N,Y,10642 days 08:09:08
CAPE ST JAMES,-131.01583333333335,51.935833333333335,10901,CAPE ST JAMES,BC,BRITISH COLUMBIA,COLOMBIE-BRITANNIQUE,CAN,515609000,-1310057000,PST,87.8,1051351,WZV,71107.0,Climate-Auto,G,1.0,8.0,ECCC - MSC,ECCC - SMC,Environment and Climate Change Canada - Meteorological Service of Canada,Environnement et Changement climatique Canada - Service météorologique du Canada,1992-11-01 00:00:00,2023-03-23 08:30:08,1993-09-30 16:00:00,2023-03-23 08:30:08,1992-11-01 00:00:00,2023-03-22 00:00:00,1994-01-01 00:00:00,2007-01-01 00:00:00,Y,N,Y,10765 days 16:30:08
BLUE RIVER A,-119.28952777777778,52.12902777777778,1237,BLUE RIVER A,BC,BRITISH COLUMBIA,COLOMBIE-BRITANNIQUE,CAN,520744500,-1191722300,PST,690.4,1160899,YCP,,Aviation-Staffed,A,1.0,1.0,CCN,RCSC,Co-operative Climate Network,Réseau coopératif de stations climatiques,1969-01-01 00:00:00,2023-03-22 00:00:00,1969-12-01 01:00:00,2015-01-15 10:00:00,1969-12-01 00:00:00,2023-03-22 00:00:00,1969-01-01 00:00:00,2007-02-01 00:00:00,Y,Y,Y,16481 days 09:00:00
NANAIMO A,-123.87,49.05444444444444,192,NANAIMO A,BC,BRITISH COLUMBIA,COLOMBIE-BRITANNIQUE,CAN,490316000,-1235212000,PST,28.0,1025370,YCD,,Aviation-Staffed,A,1.0,1.0,,,,,1947-01-01 00:00:00,2016-06-01 00:00:00,1954-01-01 00:00:00,2013-05-16 10:00:00,1947-03-01 00:00:00,2016-06-01 00:00:00,1947-01-01 00:00:00,2007-02-01 00:00:00,N,Y,Y,21685 days 10:00:00
VICTORIA HARBOUR A,-123.3875,48.422777777777775,10944,VICTORIA HARBOUR A,BC,BRITISH COLUMBIA,COLOMBIE-BRITANNIQUE,CAN,482522000,-1232315000,PST,0.0,1018615,YWH,,Aviation-Staffed,,,,,,,,1994-07-01 05:00:00,2015-02-12 10:00:00,1994-07-01 05:00:00,2015-02-12 10:00:00,,,,,N,N,Y,7531 days 05:00:00
ESTEVAN POINT,-126.54310916666668,49.38330944444444,244,ESTEVAN POINT,BC,BRITISH COLUMBIA,COLOMBIE-BRITANNIQUE,CAN,492259914,-1263235193,PST,5.8,1032730,,,Climate-Staffed,A,1.0,1.0,CCG,GCC,Canadian Coast Guard,Garde côtière canadienne,1908-01-01 00:00:00,2023-03-22 00:00:00,1953-01-01 04:00:00,1979-03-30 16:00:00,1908-07-01 00:00:00,2023-03-22 00:00:00,1908-01-01 00:00:00,2007-02-01 00:00:00,Y,Y,Y,9584 days 12:00:00
DEASE LAKE LWIS,-130.03222222222223,58.422222222222224,30909,DEASE LAKE LWIS,BC,BRITISH COLUMBIA,COLOMBIE-BRITANNIQUE,CAN,582520000,-1300156000,PST,792.5,1192345,,,Aviation-Auto,,,,,,,,2000-11-28 12:00:00,2011-12-15 10:00:00,2000-11-28 12:00:00,2011-12-15 10:00:00,2002-03-01 00:00:00,2004-10-31 00:00:00,2002-03-01 00:00:00,2004-10-01 00:00:00,Y,N,Y,4033 days 22:00:00
CRANBROOK A,-115.78194444444443,49.61222222222222,50818,CRANBROOK A,BC,BRITISH COLUMBIA,COLOMBIE-BRITANNIQUE,CAN,493644000,-1154655000,MST,940.0,1152105,YXC,71880.0,Aviation-Staffed,,,,NAVCAN,NAVCAN,NAV Canada,NAV Canada,2012-11-08 00:00:00,2023-03-23 08:30:08,2012-11-08 07:00:00,2023-03-23 08:30:08,2012-11-08 00:00:00,2023-03-22 00:00:00,,,Y,N,Y,3787 days 01:30:08
SPARWOOD A,-114.88277777777778,49.74527777777778,52278,SPARWOOD A,BC,BRITISH COLUMBIA,COLOMBIE-BRITANNIQUE,CAN,494443000,-1145258000,MST,1137.7,1157632,WSW,,Aviation-Staffed,,,,NAVCAN,NAVCAN,NAV Canada,NAV Canada,2014-09-30 07:00:00,2023-03-23 08:30:08,2014-09-30 07:00:00,2023-03-23 08:30:08,,,,,N,N,Y,3096 days 01:30:08
GOLDEN A,-116.98222222222222,51.299166666666665,52439,GOLDEN A,BC,BRITISH COLUMBIA,COLOMBIE-BRITANNIQUE,CAN,511757000,-1165856000,MST,784.9,1173209,YGE,,Aviation-Staffed,,,,NAVCAN,NAVCAN,NAV Canada,NAV Canada,2014-08-05 07:00:00,2023-03-23 08:30:08,2014-08-05 07:00:00,2023-03-23 08:30:08,,,,,N,N,Y,3152 days 01:30:08
CRANBROOK A,-115.78194444444443,49.61222222222222,1174,CRANBROOK A,BC,BRITISH COLUMBIA,COLOMBIE-BRITANNIQUE,CAN,493644000,-1154655000,MST,940.0,1152102,YXC,71880.0,Aviation-Staffed,A,1.0,1.0,,,,,1968-01-01 00:00:00,2012-11-15 00:00:00,1968-03-01 09:00:00,2012-11-08 11:00:00,1968-03-01 00:00:00,2012-11-15 00:00:00,1968-01-01 00:00:00,2012-11-01 00:00:00,N,Y,Y,16323 days 02:00:00
DAWSON CREEK LWIS,-120.18194444444444,55.74166666666667,44789,DAWSON CREEK LWIS,BC,BRITISH COLUMBIA,COLOMBIE-BRITANNIQUE,CAN,554430000,-1201055000,MST,654.7,1182287,VDQ,,Aviation-Auto,,,,,,,,2006-06-01 00:00:00,2010-08-27 02:00:00,2006-06-08 00:00:00,2010-08-27 02:00:00,2006-06-01 00:00:00,2009-09-02 00:00:00,,,Y,N,Y,1541 days 02:00:00
PRINCE RUPERT,-130.44472222222225,54.28611111111111,48693,PRINCE RUPERT,BC,BRITISH COLUMBIA,COLOMBIE-BRITANNIQUE,CAN,541710000,-1302641000,PST,35.4,1066482,YPR,71022.0,Aviation-Auto,,,,NAVCAN,NAVCAN,NAV Canada,NAV Canada,2010-06-03 00:00:00,2023-03-23 08:30:08,2010-06-03 11:00:00,2023-03-23 08:30:08,2010-06-03 00:00:00,2023-03-22 00:00:00,,,Y,N,Y,4675 days 21:30:08
FORT NELSON A,-122.59722222222224,58.83638888888889,1455,FORT NELSON A,BC,BRITISH COLUMBIA,COLOMBIE-BRITANNIQUE,CAN,585011000,-1223550000,PST,381.9,1192940,YYE,71945.0,Aviation-Staffed,A,1.0,1.0,,,,,1937-01-01 00:00:00,2012-11-14 00:00:00,1953-01-01 00:00:00,2012-11-08 10:00:00,1937-09-01 00:00:00,2012-11-14 00:00:00,1937-01-01 00:00:00,2012-11-01 00:00:00,N,Y,Y,21861 days 10:00:00
MASSET AIRPORT,-132.11747222222223,54.02261111111111,360,MASSET AIRPORT,BC,BRITISH COLUMBIA,COLOMBIE-BRITANNIQUE,CAN,540121400,-1320702900,PST,5.8,1054920,ZMT,,Aviation-Staffed,G,1.0,8.0,,,,,1897-01-01 00:00:00,2014-08-07 10:00:00,2005-10-27 06:00:00,2014-08-07 10:00:00,1897-06-01 00:00:00,2008-06-30 00:00:00,1897-01-01 00:00:00,2007-02-01 00:00:00,Y,N,Y,3206 days 04:00:00
REVELSTOKE AIRPORT AUTO,-118.17627777777778,50.95822222222223,49548,REVELSTOKE AIRPORT AUTO,BC,BRITISH COLUMBIA,COLOMBIE-BRITANNIQUE,CAN,505729600,-1181034600,PST,444.7,1176755,VRA,71882.0,Climate-Auto,,,,ECCC - MSC,ECCC - SMC,Environment and Climate Change Canada - Meteorological Service of Canada,Environnement et Changement climatique Canada - Service météorologique du Canada,2011-07-06 10:00:00,2023-03-23 08:30:08,2011-07-06 10:00:00,2023-03-23 08:30:08,2012-06-06 00:00:00,2023-03-22 00:00:00,,,Y,N,Y,4277 days 22:30:08
SMITHERS A,-127.18277777777776,54.82527777777778,50130,SMITHERS A,BC,BRITISH COLUMBIA,COLOMBIE-BRITANNIQUE,CAN,544931000,-1271058000,PST,523.0,1077498,YYD,,Aviation-Staffed,,,,NAVCAN,NAVCAN,NAV Canada,NAV Canada,2012-04-10 07:00:00,2023-03-23 08:30:08,2012-04-10 07:00:00,2023-03-23 08:30:08,,,,,N,N,Y,3999 days 01:30:08
FORT ST. JOHN A,-120.74027777777778,56.23833333333334,50837,FORT ST. JOHN A,BC,BRITISH COLUMBIA,COLOMBIE-BRITANNIQUE,CAN,561418000,-1204425000,PST,694.9,1183001,YXJ,71943.0,Aviation-Staffed,,,,NAVCAN,NAVCAN,NAV Canada,NAV Canada,2012-12-03 23:00:00,2023-03-23 08:30:08,2012-12-03 23:00:00,2023-03-23 08:30:08,2012-12-06 00:00:00,2023-03-22 00:00:00,,,Y,N,Y,3761 days 09:30:08
BELLA COOLA A,-126.59583333333332,52.3875,51419,BELLA COOLA A,BC,BRITISH COLUMBIA,COLOMBIE-BRITANNIQUE,CAN,522315000,-1263545000,PST,35.7,1060845,YBD,,Aviation-Staffed,,,,NAVCAN,NAVCAN,NAV Canada,NAV Canada,2013-08-15 11:00:00,2023-03-23 08:30:08,2013-08-15 11:00:00,2023-03-23 08:30:08,,,,,N,N,Y,3506 days 21:30:08
LYTTON,-121.58333333333331,50.23333333333333,963,LYTTON,BC,BRITISH COLUMBIA,COLOMBIE-BRITANNIQUE,CAN,501400000,-1213500000,PST,229.0,1114741,,,,C,1.0,4.0,,,,,1970-01-01 00:00:00,1991-12-01 00:00:00,1970-02-01 00:00:00,1991-08-30 13:00:00,1970-01-01 00:00:00,1991-08-31 00:00:00,1970-01-01 00:00:00,1991-12-01 00:00:00,Y,N,Y,7880 days 13:00:00
SPARWOOD A,-114.88333333333334,49.833333333333336,52959,SPARWOOD A,BC,BRITISH COLUMBIA,COLOMBIE-BRITANNIQUE,CAN,495000000,-1145300000,PST,1158.2,1157635,WSW,,Aviation-Auto,,,,NAVCAN,NAVCAN,NAV Canada,NAV Canada,2014-10-23 11:00:00,2023-03-23 08:30:08,2014-10-23 11:00:00,2023-03-23 08:30:08,2018-10-29 00:00:00,2023-03-22 00:00:00,,,Y,N,Y,3072 days 21:30:08
CLINTON RCS,-121.50478,51.144465,53638,CLINTON RCS,BC,BRITISH COLUMBIA,COLOMBIE-BRITANNIQUE,CAN,510840074,-1213017208,PST,1059.0,1161663,NCN,71474.0,Climate-Auto,,,,ECCC - MSC,ECCC - SMC,Environment and Climate Change Canada - Meteorological Service of Canada,Environnement et Changement climatique Canada - Service météorologique du Canada,2015-03-23 10:00:00,2023-03-23 08:30:08,2015-03-23 10:00:00,2023-03-23 08:30:08,2015-03-27 00:00:00,2023-03-22 00:00:00,,,Y,N,Y,2921 days 22:30:08
HOWE SOUND - PAM ROCKS,-123.29945277777776,49.48778027777778,6817,HOWE SOUND - PAM ROCKS,BC,BRITISH COLUMBIA,COLOMBIE-BRITANNIQUE,CAN,492916009,-1231758030,PST,7.1,10459NN,WAS,71211.0,Climate-Auto,F,1.0,7.0,ECCC - MSC,ECCC - SMC,Environment and Climate Change Canada - Meteorological Service of Canada,Environnement et Changement climatique Canada - Service météorologique du Canada,1991-01-01 00:00:00,2023-03-23 08:30:08,1994-02-01 00:00:00,2023-03-23 08:30:08,1991-07-01 00:00:00,2023-03-22 00:00:00,1991-01-01 00:00:00,2007-02-01 00:00:00,Y,N,Y,10642 days 08:30:08
WEST VANCOUVER AUT,-123.19330833333332,49.34704166666667,6833,WEST VANCOUVER AUT,BC,BRITISH COLUMBIA,COLOMBIE-BRITANNIQUE,CAN,492049350,-1231135910,PST,170.2,1108824,WWA,71784.0,Climate-Auto,F,1.0,7.0,ECCC - MSC,ECCC - SMC,Environment and Climate Change Canada - Meteorological Service of Canada,Environnement et Changement climatique Canada - Service météorologique du Canada,1992-01-01 00:00:00,2023-03-23 08:30:08,1994-02-01 00:00:00,2023-03-23 08:30:08,1992-12-01 00:00:00,2023-03-22 00:00:00,1992-01-01 00:00:00,2007-02-01 00:00:00,Y,N,Y,10642 days 08:30:08
SPARWOOD CS,-114.8839,49.745,6842,SPARWOOD CS,BC,BRITISH COLUMBIA,COLOMBIE-BRITANNIQUE,CAN,494442000,-1145302040,PST,1136.7,1157631,WGW,71782.0,Climate-Auto,F,1.0,7.0,ECCC - MSC,ECCC - SMC,Environment and Climate Change Canada - Meteorological Service of Canada,Environnement et Changement climatique Canada - Service météorologique du Canada,1992-11-01 00:00:00,2023-03-23 08:30:08,1994-02-01 00:00:00,2023-03-23 08:30:08,1992-11-01 00:00:00,2023-03-22 00:00:00,1993-04-01 00:00:00,2006-10-01 00:00:00,Y,N,Y,10642 days 08:30:08
CAMPBELL RIVER A,-125.27305555555556,49.95194444444444,145,CAMPBELL RIVER A,BC,BRITISH COLUMBIA,COLOMBIE-BRITANNIQUE,CAN,495707000,-1251623000,PST,108.8,1021261,YBL,,Aviation-Staffed,A,1.0,1.0,CCN,RCSC,Co-operative Climate Network,Réseau coopératif de stations climatiques,1965-01-01 00:00:00,2023-03-22 00:00:00,1979-03-01 06:00:00,2013-06-13 10:00:00,1965-01-01 00:00:00,2023-03-22 00:00:00,1965-01-01 00:00:00,2007-02-01 00:00:00,Y,Y,Y,12523 days 04:00:00
CLINTON (AUT),-121.50472222222224,51.14472222222222,1255,CLINTON (AUT),BC,BRITISH COLUMBIA,COLOMBIE-BRITANNIQUE,CAN,510841000,-1213017000,PST,1056.7,1161661,ZCL,,Aviation-Auto,G,1.0,9.0,ECCC - MSC,ECCC - SMC,Environment and Climate Change Canada - Meteorological Service of Canada,Environnement et Changement climatique Canada - Service météorologique du Canada,1972-01-01 00:00:00,2018-07-24 07:00:00,1994-02-01 00:00:00,2018-07-24 07:00:00,1973-01-01 00:00:00,2015-04-06 00:00:00,1972-01-01 00:00:00,2007-02-01 00:00:00,Y,N,Y,8939 days 07:00:00
PORT ALBERNI A,-124.83333333333331,49.25,264,PORT ALBERNI A,BC,BRITISH COLUMBIA,COLOMBIE-BRITANNIQUE,CAN,491500000,-1245000000,PST,2.4,1036206,,,,C,1.0,4.0,,,,,1969-01-01 00:00:00,1996-10-31 00:00:00,1969-11-01 07:00:00,1995-03-31 07:00:00,1969-11-01 00:00:00,1996-10-31 00:00:00,1969-01-01 00:00:00,1996-10-01 00:00:00,Y,N,Y,9281 days 00:00:00
REVELSTOKE,-118.2,51.0,1371,REVELSTOKE,BC,BRITISH COLUMBIA,COLOMBIE-BRITANNIQUE,CAN,510000000,-1181200000,MST,456.3,1176750,,,,,1.0,9.0,,,,,1898-01-01 00:00:00,1969-12-01 00:00:00,1953-01-01 04:00:00,1969-11-30 22:00:00,1898-05-01 00:00:00,1969-11-30 00:00:00,1898-01-01 00:00:00,1969-12-01 00:00:00,Y,N,Y,6177 days 18:00:00
PEMBERTON AIRPORT (WIND),-122.73805555555556,50.30222222222222,46747,PEMBERTON AIRPORT (WIND),BC,BRITISH COLUMBIA,COLOMBIE-BRITANNIQUE,CAN,501808000,-1224417000,PST,203.0,1086081,WPN,,Climate-Auto,,,,ECCC - MSC,ECCC - SMC,Environment and Climate Change Canada - Meteorological Service of Canada,Environnement et Changement climatique Canada - Service météorologique du Canada,2007-11-27 23:00:00,2023-03-23 08:30:08,2007-11-27 23:00:00,2023-03-23 08:30:08,2018-05-14 00:00:00,2023-03-22 00:00:00,,,Y,N,Y,5594 days 09:30:08
CAPE ST JAMES,-131.01666666666668,51.93333333333333,352,CAPE ST JAMES,BC,BRITISH COLUMBIA,COLOMBIE-BRITANNIQUE,CAN,515600000,-1310100000,PST,92.0,1051350,,,Climate-Auto,C,1.0,4.0,,,,,1925-01-01 00:00:00,1998-04-30 00:00:00,1953-01-01 04:00:00,1992-08-31 23:00:00,1925-08-01 00:00:00,1998-04-30 00:00:00,1925-01-01 00:00:00,1998-04-01 00:00:00,Y,N,Y,14487 days 19:00:00
VANCOUVER INT'L A,-123.18194444444444,49.195,889,VANCOUVER INT'L A,BC,BRITISH COLUMBIA,COLOMBIE-BRITANNIQUE,CAN,491142000,-1231055000,PST,4.3,1108447,YVR,,Aviation-Staffed,A,1.0,1.0,,,,,1937-01-01 00:00:00,2013-06-13 10:00:00,1953-01-01 00:00:00,2013-06-13 10:00:00,1937-01-01 00:00:00,2013-06-12 00:00:00,1937-01-01 00:00:00,2013-06-01 00:00:00,N,Y,Y,22078 days 10:00:00
HOPE A,-121.49805555555557,49.36833333333333,49588,HOPE A,BC,BRITISH COLUMBIA,COLOMBIE-BRITANNIQUE,CAN,492206000,-1212953000,PST,39.0,1113542,YHE,71187.0,Aviation-Auto,,,,NAVCAN,NAVCAN,NAV Canada,NAV Canada,2011-10-17 07:00:00,2023-03-23 08:30:08,2011-10-17 07:00:00,2023-03-23 08:30:08,2011-10-20 00:00:00,2023-03-22 00:00:00,,,Y,N,Y,4175 days 01:30:08
PRINCE GEORGE MASSEY AUTO,-122.79083361111113,53.899724722222224,50169,PRINCE GEORGE MASSEY AUTO,BC,BRITISH COLUMBIA,COLOMBIE-BRITANNIQUE,CAN,535359009,-1224727001,PST,601.0,1096454,VPX,,Climate-Auto,,,,ECCC - MSC,ECCC - SMC,Environment and Climate Change Canada - Meteorological Service of Canada,Environnement et Changement climatique Canada - Service météorologique du Canada,2012-04-16 14:00:00,2023-03-23 08:30:08,2012-04-16 14:00:00,2023-03-23 08:30:08,2018-05-14 00:00:00,2023-03-22 00:00:00,,,Y,N,Y,3992 days 18:30:08
TERRACE A,-128.57833333333335,54.46861111111111,51037,TERRACE A,BC,BRITISH COLUMBIA,COLOMBIE-BRITANNIQUE,CAN,542807000,-1283442000,PST,217.3,1068134,YXT,71951.0,Aviation-Staffed,,,,NAVCAN,NAVCAN,NAV Canada,NAV Canada,2013-01-15 09:00:00,2023-03-23 08:30:08,2013-01-15 09:00:00,2023-03-23 08:30:08,2013-01-17 00:00:00,2023-03-22 00:00:00,,,Y,N,Y,3718 days 23:30:08
KELOWNA UBCO,-119.4002111111111,49.94075,51117,KELOWNA UBCO,BC,BRITISH COLUMBIA,COLOMBIE-BRITANNIQUE,CAN,495626700,-1192400760,PST,456.0,1123996,VKU,71644.0,Climate-Auto,,,,ECCC - MSC,ECCC - SMC,Environment and Climate Change Canada - Meteorological Service of Canada,Environnement et Changement climatique Canada - Service météorologique du Canada,2012-12-13 11:00:00,2023-03-23 08:30:08,2012-12-13 11:00:00,2023-03-23 08:30:08,2013-12-16 00:00:00,2023-03-22 00:00:00,,,Y,N,Y,3751 days 21:30:08
HOPE A,-121.49805555555557,49.36833333333333,946,HOPE A,BC,BRITISH COLUMBIA,COLOMBIE-BRITANNIQUE,CAN,492206000,-1212953000,PST,39.0,1113540,,,,C,1.0,4.0,,,,,1934-01-01 00:00:00,1995-03-31 07:00:00,1953-01-01 04:00:00,1995-03-31 07:00:00,1934-06-01 00:00:00,1995-03-31 00:00:00,1934-01-01 00:00:00,1995-03-01 00:00:00,Y,N,Y,15429 days 03:00:00
LYTTON,-121.56666666666666,50.23333333333333,962,LYTTON,BC,BRITISH COLUMBIA,COLOMBIE-BRITANNIQUE,CAN,501400000,-1213400000,PST,175.0,1114740,,,,,1.0,9.0,,,,,1944-01-01 00:00:00,1970-12-01 00:00:00,1953-01-01 00:00:00,1970-01-31 23:00:00,1944-08-01 00:00:00,1969-12-31 00:00:00,1944-01-01 00:00:00,1970-12-01 00:00:00,Y,N,Y,6239 days 23:00:00
WHISTLER A,-122.95472222222222,50.12888888888889,52178,WHISTLER A,BC,BRITISH COLUMBIA,COLOMBIE-BRITANNIQUE,CAN,500744000,-1225717000,PST,657.8,1048899,WAE,,Aviation-Staffed,,,,NAVCAN,NAVCAN,NAV Canada,NAV Canada,2014-04-29 06:00:00,2023-03-23 08:30:08,2014-04-29 06:00:00,2023-03-23 08:30:08,,,,,N,N,Y,3250 days 02:30:08
STEWART A,-129.98333333333332,55.93333333333333,53422,STEWART A,BC,BRITISH COLUMBIA,COLOMBIE-BRITANNIQUE,CAN,555600000,-1295900000,PST,7.3,1067741,ZST,,Aviation-Staffed,,,,NAVCAN,NAVCAN,NAV Canada,NAV Canada,2015-01-15 11:00:00,2023-03-23 08:30:08,2015-01-15 11:00:00,2023-03-23 08:30:08,,,,,N,N,Y,2988 days 21:30:08
BLUE RIVER A,-119.29277777777776,52.12472222222223,53424,BLUE RIVER A,BC,BRITISH COLUMBIA,COLOMBIE-BRITANNIQUE,CAN,520729000,-1191734000,PST,690.4,1160902,YCP,,Aviation-Auto,,,,NAVCAN,NAVCAN,NAV Canada,NAV Canada,2015-01-15 11:00:00,2023-03-23 08:30:08,2015-01-15 11:00:00,2023-03-23 08:30:08,2018-10-29 00:00:00,2023-03-22 00:00:00,,,Y,N,Y,2988 days 21:30:08
VICTORIA HARBOUR A,-123.3875,48.422777777777775,53479,VICTORIA HARBOUR A,BC,BRITISH COLUMBIA,COLOMBIE-BRITANNIQUE,CAN,482522000,-1232315000,PST,0.0,1018633,YWH,,Aviation-Auto,,,,NAVCAN,NAVCAN,NAV Canada,NAV Canada,2015-02-12 11:00:00,2023-03-23 08:30:08,2015-02-12 11:00:00,2023-03-23 08:30:08,2018-10-29 00:00:00,2023-03-22 00:00:00,,,Y,N,Y,2960 days 21:30:08
SALMON ARM CS,-119.29067777777776,50.703,6843,SALMON ARM CS,BC,BRITISH COLUMBIA,COLOMBIE-BRITANNIQUE,CAN,504210800,-1191726440,PST,350.5,116FRMN,WSL,71218.0,Climate-Auto,F,1.0,7.0,ECCC - MSC,ECCC - SMC,Environment and Climate Change Canada - Meteorological Service of Canada,Environnement et Changement climatique Canada - Service météorologique du Canada,1991-01-01 00:00:00,2023-03-23 08:30:08,1994-02-01 00:00:00,2023-03-23 08:30:08,1991-01-01 00:00:00,2023-03-22 00:00:00,1991-02-01 00:00:00,2006-10-01 00:00:00,Y,N,Y,10642 days 08:30:08
VICTORIA INT'L A,-123.42583333333332,48.647225,118,VICTORIA INT'L A,BC,BRITISH COLUMBIA,COLOMBIE-BRITANNIQUE,CAN,483850010,-1232533000,PST,19.5,1018620,YYJ,71799.0,Aviation-Staffed,A,1.0,1.0,,,,,1940-01-01 00:00:00,2013-07-11 10:00:00,1953-01-01 00:00:00,2013-07-11 10:00:00,1940-07-01 00:00:00,2013-07-10 00:00:00,1940-01-01 00:00:00,2013-07-01 00:00:00,N,Y,Y,22106 days 10:00:00
ALERT BAY,-126.93333333333334,50.583333333333336,137,ALERT BAY,BC,BRITISH COLUMBIA,COLOMBIE-BRITANNIQUE,CAN,503500000,-1265600000,PST,59.4,1020270,,,,C,1.0,4.0,,,,,1913-01-01 00:00:00,2006-12-05 00:00:00,1954-01-01 07:00:00,1994-02-21 10:00:00,1913-12-01 00:00:00,2006-12-05 00:00:00,1913-01-01 00:00:00,1994-12-01 00:00:00,Y,N,Y,14661 days 03:00:00
PORT HARDY A,-127.36611111111112,50.680277777777775,202,PORT HARDY A,BC,BRITISH COLUMBIA,COLOMBIE-BRITANNIQUE,CAN,504049000,-1272158000,PST,21.6,1026270,YZT,71109.0,Aviation-Staffed,A,1.0,1.0,,,,,1944-01-01 00:00:00,2013-06-13 10:00:00,1953-01-01 00:00:00,2013-06-13 10:00:00,1944-02-01 00:00:00,2013-06-12 00:00:00,1944-01-01 00:00:00,2013-06-01 00:00:00,N,Y,Y,22078 days 10:00:00
KELOWNA AWOS,-119.37777777777778,49.95611111111111,30954,KELOWNA AWOS,BC,BRITISH COLUMBIA,COLOMBIE-BRITANNIQUE,CAN,495722000,-1192240000,PST,429.5,1123965,VLW,,Aviation-Auto,,,,ECCC - MSC,ECCC - SMC,Environment and Climate Change Canada - Meteorological Service of Canada,Environnement et Changement climatique Canada - Service météorologique du Canada,2004-04-07 01:00:00,2010-02-22 00:00:00,2004-04-07 01:00:00,2009-08-27 10:00:00,2005-01-21 00:00:00,2010-02-22 00:00:00,2005-02-01 00:00:00,2007-02-01 00:00:00,Y,N,Y,1968 days 09:00:00
